date,cases,state
"2020-04-15",50,BB
"2020-04-16",52,BB
"2020-04-17",51,BB
"2020-04-18",58,BB
"2020-04-19",49,BB
"2020-04-20",55,BB
"2020-04-21",49,BB
"2020-04-22",52,BB
"2020-04-23",51,BB
"2020-04-24",52,BB
"2020-04-25",49,BB
"2020-04-26",50,BB
"2020-04-27",50,BB
"2020-04-28",41,BB
"2020-04-29",39,BB
"2020-04-30",37,BB
"2020-05-01",36,BB
"2020-05-02",30,BB
"2020-05-03",28,BB
"2020-05-04",29,BB
"2020-05-05",28,BB
"2020-05-06",33,BB
"2020-05-07",26,BB
"2020-05-08",24,BB
"2020-05-09",24,BB
"2020-05-10",26,BB
"2020-05-11",24,BB
"2020-05-12",31,BB
"2020-05-13",29,BB
"2020-05-14",26,BB
"2020-05-15",28,BB
"2020-05-16",21,BB
"2020-05-17",22,BB
"2020-05-18",22,BB
"2020-05-19",21,BB
"2020-05-20",25,BB
"2020-05-21",21,BB
"2020-05-22",19,BB
"2020-05-23",15,BB
"2020-05-24",15,BB
"2020-05-25",17,BB
"2020-05-26",19,BB
"2020-05-27",14,BB
"2020-05-28",13,BB
"2020-05-29",11,BB
"2020-05-30",12,BB
"2020-05-31",11,BB
"2020-06-01",11,BB
"2020-06-02",11,BB
"2020-06-03",8,BB
"2020-06-04",7,BB
"2020-06-05",9,BB
"2020-06-06",7,BB
"2020-06-07",5,BB
"2020-06-08",6,BB
"2020-06-09",4,BB
"2020-06-10",4,BB
"2020-06-11",3,BB
"2020-06-12",3,BB
"2020-06-13",3,BB
"2020-06-14",5,BB
"2020-06-15",4,BB
"2020-06-16",5,BB
"2020-06-17",4,BB
"2020-06-18",3,BB
"2020-06-19",3,BB
"2020-06-20",3,BB
"2020-06-21",3,BB
"2020-06-22",4,BB
"2020-06-23",5,BB
"2020-06-24",4,BB
"2020-06-25",5,BB
"2020-06-26",2,BB
"2020-06-27",3,BB
"2020-06-28",5,BB
"2020-06-29",5,BB
"2020-06-30",6,BB
"2020-07-01",6,BB
"2020-07-02",3,BB
"2020-07-03",6,BB
"2020-07-04",4,BB
"2020-07-05",4,BB
"2020-07-06",4,BB
"2020-07-07",3,BB
"2020-07-08",3,BB
"2020-07-09",4,BB
"2020-07-10",5,BB
"2020-07-11",4,BB
"2020-07-12",5,BB
"2020-07-13",5,BB
"2020-07-14",5,BB
"2020-07-15",3,BB
"2020-07-16",3,BB
"2020-07-17",2,BB
"2020-07-18",2,BB
"2020-07-19",2,BB
"2020-07-20",3,BB
"2020-07-21",3,BB
"2020-07-22",2,BB
"2020-07-23",2,BB
"2020-07-24",2,BB
"2020-07-25",1,BB
"2020-07-26",3,BB
"2020-07-27",2,BB
"2020-07-28",2,BB
"2020-07-29",1,BB
"2020-07-30",1,BB
"2020-07-31",1,BB
"2020-08-01",1,BB
"2020-08-02",1,BB
"2020-08-03",1,BB
"2020-08-04",5,BB
"2020-08-05",8,BB
"2020-08-06",6,BB
"2020-08-07",5,BB
"2020-08-08",4,BB
"2020-08-09",5,BB
"2020-08-10",5,BB
"2020-08-11",3,BB
"2020-08-12",4,BB
"2020-08-13",4,BB
"2020-08-14",2,BB
"2020-08-15",1,BB
"2020-08-16",2,BB
"2020-08-17",1,BB
"2020-08-18",1,BB
"2020-08-19",1,BB
"2020-08-20",3,BB
"2020-08-21",2,BB
"2020-08-22",3,BB
"2020-08-23",2,BB
"2020-08-24",3,BB
"2020-08-25",1,BB
"2020-08-26",3,BB
"2020-08-27",1,BB
"2020-08-28",2,BB
"2020-08-29",3,BB
"2020-08-30",2,BB
"2020-08-31",1,BB
"2020-09-01",0,BB
"2020-09-02",0,BB
"2020-09-03",0,BB
"2020-09-04",1,BB
"2020-09-05",2,BB
"2020-09-06",1,BB
"2020-09-07",1,BB
"2020-09-08",2,BB
"2020-09-09",0,BB
"2020-09-10",0,BB
"2020-09-11",0,BB
"2020-09-12",1,BB
"2020-09-13",1,BB
"2020-09-14",1,BB
"2020-09-15",0,BB
"2020-09-16",0,BB
"2020-09-17",0,BB
"2020-09-18",0,BB
"2020-09-19",2,BB
"2020-09-20",2,BB
"2020-09-21",2,BB
"2020-09-22",1,BB
"2020-09-23",0,BB
"2020-09-24",1,BB
"2020-09-25",1,BB
"2020-09-26",2,BB
"2020-09-27",2,BB
"2020-09-28",2,BB
"2020-09-29",3,BB
"2020-09-30",4,BB
"2020-10-01",4,BB
"2020-10-02",5,BB
"2020-10-03",4,BB
"2020-10-04",5,BB
"2020-10-05",5,BB
"2020-10-06",4,BB
"2020-10-07",5,BB
"2020-10-08",5,BB
"2020-10-09",6,BB
"2020-10-10",6,BB
"2020-10-11",10,BB
"2020-10-12",9,BB
"2020-10-13",8,BB
"2020-10-14",8,BB
"2020-10-15",9,BB
"2020-10-16",14,BB
"2020-10-17",12,BB
"2020-10-18",20,BB
"2020-10-19",22,BB
"2020-10-20",22,BB
"2020-10-21",29,BB
"2020-10-22",32,BB
"2020-10-23",34,BB
"2020-10-24",31,BB
"2020-10-25",31,BB
"2020-10-26",34,BB
"2020-10-27",32,BB
"2020-10-28",32,BB
"2020-10-29",36,BB
"2020-10-30",46,BB
"2020-10-31",41,BB
"2020-11-01",46,BB
"2020-11-02",58,BB
"2020-11-03",70,BB
"2020-11-04",71,BB
"2020-04-15",127,BE
"2020-04-16",131,BE
"2020-04-17",139,BE
"2020-04-18",131,BE
"2020-04-19",135,BE
"2020-04-20",156,BE
"2020-04-21",153,BE
"2020-04-22",150,BE
"2020-04-23",143,BE
"2020-04-24",147,BE
"2020-04-25",143,BE
"2020-04-26",136,BE
"2020-04-27",148,BE
"2020-04-28",142,BE
"2020-04-29",138,BE
"2020-04-30",123,BE
"2020-05-01",120,BE
"2020-05-02",123,BE
"2020-05-03",121,BE
"2020-05-04",124,BE
"2020-05-05",110,BE
"2020-05-06",119,BE
"2020-05-07",119,BE
"2020-05-08",112,BE
"2020-05-09",100,BE
"2020-05-10",102,BE
"2020-05-11",103,BE
"2020-05-12",95,BE
"2020-05-13",92,BE
"2020-05-14",86,BE
"2020-05-15",77,BE
"2020-05-16",73,BE
"2020-05-17",71,BE
"2020-05-18",71,BE
"2020-05-19",75,BE
"2020-05-20",64,BE
"2020-05-21",63,BE
"2020-05-22",59,BE
"2020-05-23",60,BE
"2020-05-24",59,BE
"2020-05-25",62,BE
"2020-05-26",62,BE
"2020-05-27",48,BE
"2020-05-28",55,BE
"2020-05-29",54,BE
"2020-05-30",57,BE
"2020-05-31",54,BE
"2020-06-01",55,BE
"2020-06-02",54,BE
"2020-06-03",60,BE
"2020-06-04",64,BE
"2020-06-05",65,BE
"2020-06-06",57,BE
"2020-06-07",58,BE
"2020-06-08",56,BE
"2020-06-09",51,BE
"2020-06-10",52,BE
"2020-06-11",45,BE
"2020-06-12",46,BE
"2020-06-13",48,BE
"2020-06-14",44,BE
"2020-06-15",46,BE
"2020-06-16",46,BE
"2020-06-17",48,BE
"2020-06-18",48,BE
"2020-06-19",46,BE
"2020-06-20",44,BE
"2020-06-21",45,BE
"2020-06-22",41,BE
"2020-06-23",38,BE
"2020-06-24",32,BE
"2020-06-25",34,BE
"2020-06-26",36,BE
"2020-06-27",33,BE
"2020-06-28",32,BE
"2020-06-29",34,BE
"2020-06-30",35,BE
"2020-07-01",38,BE
"2020-07-02",31,BE
"2020-07-03",36,BE
"2020-07-04",29,BE
"2020-07-05",30,BE
"2020-07-06",40,BE
"2020-07-07",35,BE
"2020-07-08",33,BE
"2020-07-09",36,BE
"2020-07-10",32,BE
"2020-07-11",27,BE
"2020-07-12",25,BE
"2020-07-13",21,BE
"2020-07-14",23,BE
"2020-07-15",22,BE
"2020-07-16",23,BE
"2020-07-17",21,BE
"2020-07-18",19,BE
"2020-07-19",10,BE
"2020-07-20",19,BE
"2020-07-21",21,BE
"2020-07-22",18,BE
"2020-07-23",22,BE
"2020-07-24",18,BE
"2020-07-25",18,BE
"2020-07-26",19,BE
"2020-07-27",18,BE
"2020-07-28",18,BE
"2020-07-29",16,BE
"2020-07-30",18,BE
"2020-07-31",16,BE
"2020-08-01",18,BE
"2020-08-02",19,BE
"2020-08-03",21,BE
"2020-08-04",17,BE
"2020-08-05",16,BE
"2020-08-06",16,BE
"2020-08-07",14,BE
"2020-08-08",14,BE
"2020-08-09",14,BE
"2020-08-10",14,BE
"2020-08-11",14,BE
"2020-08-12",17,BE
"2020-08-13",13,BE
"2020-08-14",13,BE
"2020-08-15",14,BE
"2020-08-16",14,BE
"2020-08-17",14,BE
"2020-08-18",13,BE
"2020-08-19",15,BE
"2020-08-20",15,BE
"2020-08-21",15,BE
"2020-08-22",14,BE
"2020-08-23",17,BE
"2020-08-24",20,BE
"2020-08-25",19,BE
"2020-08-26",20,BE
"2020-08-27",22,BE
"2020-08-28",21,BE
"2020-08-29",21,BE
"2020-08-30",18,BE
"2020-08-31",18,BE
"2020-09-01",15,BE
"2020-09-02",15,BE
"2020-09-03",14,BE
"2020-09-04",14,BE
"2020-09-05",14,BE
"2020-09-06",15,BE
"2020-09-07",16,BE
"2020-09-08",16,BE
"2020-09-09",15,BE
"2020-09-10",15,BE
"2020-09-11",15,BE
"2020-09-12",15,BE
"2020-09-13",15,BE
"2020-09-14",16,BE
"2020-09-15",14,BE
"2020-09-16",14,BE
"2020-09-17",14,BE
"2020-09-18",17,BE
"2020-09-19",16,BE
"2020-09-20",16,BE
"2020-09-21",19,BE
"2020-09-22",20,BE
"2020-09-23",21,BE
"2020-09-24",22,BE
"2020-09-25",23,BE
"2020-09-26",23,BE
"2020-09-27",23,BE
"2020-09-28",30,BE
"2020-09-29",31,BE
"2020-09-30",34,BE
"2020-10-01",34,BE
"2020-10-02",37,BE
"2020-10-03",39,BE
"2020-10-04",37,BE
"2020-10-05",40,BE
"2020-10-06",44,BE
"2020-10-07",42,BE
"2020-10-08",41,BE
"2020-10-09",38,BE
"2020-10-10",44,BE
"2020-10-11",50,BE
"2020-10-12",50,BE
"2020-10-13",57,BE
"2020-10-14",57,BE
"2020-10-15",68,BE
"2020-10-16",61,BE
"2020-10-17",69,BE
"2020-10-18",70,BE
"2020-10-19",83,BE
"2020-10-20",89,BE
"2020-10-21",94,BE
"2020-10-22",95,BE
"2020-10-23",104,BE
"2020-10-24",113,BE
"2020-10-25",111,BE
"2020-10-26",117,BE
"2020-10-27",132,BE
"2020-10-28",146,BE
"2020-10-29",145,BE
"2020-10-30",163,BE
"2020-10-31",166,BE
"2020-11-01",181,BE
"2020-11-02",196,BE
"2020-11-03",210,BE
"2020-11-04",214,BE
"2020-04-15",475,BW
"2020-04-16",511,BW
"2020-04-17",515,BW
"2020-04-18",515,BW
"2020-04-19",508,BW
"2020-04-20",505,BW
"2020-04-21",474,BW
"2020-04-22",478,BW
"2020-04-23",466,BW
"2020-04-24",457,BW
"2020-04-25",418,BW
"2020-04-26",379,BW
"2020-04-27",377,BW
"2020-04-28",398,BW
"2020-04-29",405,BW
"2020-04-30",389,BW
"2020-05-01",391,BW
"2020-05-02",357,BW
"2020-05-03",353,BW
"2020-05-04",355,BW
"2020-05-05",345,BW
"2020-05-06",290,BW
"2020-05-07",287,BW
"2020-05-08",256,BW
"2020-05-09",241,BW
"2020-05-10",247,BW
"2020-05-11",253,BW
"2020-05-12",229,BW
"2020-05-13",211,BW
"2020-05-14",211,BW
"2020-05-15",210,BW
"2020-05-16",193,BW
"2020-05-17",188,BW
"2020-05-18",189,BW
"2020-05-19",185,BW
"2020-05-20",170,BW
"2020-05-21",165,BW
"2020-05-22",166,BW
"2020-05-23",153,BW
"2020-05-24",149,BW
"2020-05-25",142,BW
"2020-05-26",132,BW
"2020-05-27",121,BW
"2020-05-28",118,BW
"2020-05-29",120,BW
"2020-05-30",120,BW
"2020-05-31",114,BW
"2020-06-01",114,BW
"2020-06-02",109,BW
"2020-06-03",89,BW
"2020-06-04",86,BW
"2020-06-05",92,BW
"2020-06-06",88,BW
"2020-06-07",87,BW
"2020-06-08",87,BW
"2020-06-09",83,BW
"2020-06-10",80,BW
"2020-06-11",72,BW
"2020-06-12",75,BW
"2020-06-13",71,BW
"2020-06-14",79,BW
"2020-06-15",69,BW
"2020-06-16",74,BW
"2020-06-17",71,BW
"2020-06-18",65,BW
"2020-06-19",62,BW
"2020-06-20",54,BW
"2020-06-21",61,BW
"2020-06-22",62,BW
"2020-06-23",60,BW
"2020-06-24",60,BW
"2020-06-25",58,BW
"2020-06-26",65,BW
"2020-06-27",63,BW
"2020-06-28",59,BW
"2020-06-29",55,BW
"2020-06-30",53,BW
"2020-07-01",54,BW
"2020-07-02",59,BW
"2020-07-03",54,BW
"2020-07-04",59,BW
"2020-07-05",52,BW
"2020-07-06",55,BW
"2020-07-07",54,BW
"2020-07-08",47,BW
"2020-07-09",48,BW
"2020-07-10",47,BW
"2020-07-11",42,BW
"2020-07-12",40,BW
"2020-07-13",42,BW
"2020-07-14",47,BW
"2020-07-15",46,BW
"2020-07-16",44,BW
"2020-07-17",43,BW
"2020-07-18",46,BW
"2020-07-19",47,BW
"2020-07-20",46,BW
"2020-07-21",49,BW
"2020-07-22",46,BW
"2020-07-23",46,BW
"2020-07-24",47,BW
"2020-07-25",52,BW
"2020-07-26",50,BW
"2020-07-27",49,BW
"2020-07-28",44,BW
"2020-07-29",45,BW
"2020-07-30",44,BW
"2020-07-31",47,BW
"2020-08-01",44,BW
"2020-08-02",44,BW
"2020-08-03",44,BW
"2020-08-04",41,BW
"2020-08-05",41,BW
"2020-08-06",38,BW
"2020-08-07",33,BW
"2020-08-08",34,BW
"2020-08-09",32,BW
"2020-08-10",30,BW
"2020-08-11",32,BW
"2020-08-12",28,BW
"2020-08-13",31,BW
"2020-08-14",31,BW
"2020-08-15",32,BW
"2020-08-16",30,BW
"2020-08-17",29,BW
"2020-08-18",27,BW
"2020-08-19",28,BW
"2020-08-20",26,BW
"2020-08-21",30,BW
"2020-08-22",31,BW
"2020-08-23",34,BW
"2020-08-24",35,BW
"2020-08-25",29,BW
"2020-08-26",27,BW
"2020-08-27",32,BW
"2020-08-28",30,BW
"2020-08-29",32,BW
"2020-08-30",34,BW
"2020-08-31",33,BW
"2020-09-01",33,BW
"2020-09-02",30,BW
"2020-09-03",32,BW
"2020-09-04",36,BW
"2020-09-05",32,BW
"2020-09-06",27,BW
"2020-09-07",28,BW
"2020-09-08",29,BW
"2020-09-09",30,BW
"2020-09-10",30,BW
"2020-09-11",28,BW
"2020-09-12",33,BW
"2020-09-13",32,BW
"2020-09-14",36,BW
"2020-09-15",41,BW
"2020-09-16",35,BW
"2020-09-17",36,BW
"2020-09-18",37,BW
"2020-09-19",37,BW
"2020-09-20",40,BW
"2020-09-21",42,BW
"2020-09-22",43,BW
"2020-09-23",45,BW
"2020-09-24",47,BW
"2020-09-25",48,BW
"2020-09-26",47,BW
"2020-09-27",50,BW
"2020-09-28",51,BW
"2020-09-29",51,BW
"2020-09-30",53,BW
"2020-10-01",52,BW
"2020-10-02",58,BW
"2020-10-03",63,BW
"2020-10-04",62,BW
"2020-10-05",63,BW
"2020-10-06",63,BW
"2020-10-07",59,BW
"2020-10-08",59,BW
"2020-10-09",67,BW
"2020-10-10",60,BW
"2020-10-11",67,BW
"2020-10-12",69,BW
"2020-10-13",76,BW
"2020-10-14",79,BW
"2020-10-15",69,BW
"2020-10-16",69,BW
"2020-10-17",80,BW
"2020-10-18",84,BW
"2020-10-19",92,BW
"2020-10-20",94,BW
"2020-10-21",94,BW
"2020-10-22",110,BW
"2020-10-23",118,BW
"2020-10-24",132,BW
"2020-10-25",142,BW
"2020-10-26",140,BW
"2020-10-27",156,BW
"2020-10-28",170,BW
"2020-10-29",185,BW
"2020-10-30",199,BW
"2020-10-31",213,BW
"2020-11-01",242,BW
"2020-11-02",247,BW
"2020-11-03",252,BW
"2020-11-04",270,BW
"2020-04-15",686,BY
"2020-04-16",693,BY
"2020-04-17",719,BY
"2020-04-18",715,BY
"2020-04-19",736,BY
"2020-04-20",744,BY
"2020-04-21",746,BY
"2020-04-22",747,BY
"2020-04-23",725,BY
"2020-04-24",713,BY
"2020-04-25",699,BY
"2020-04-26",695,BY
"2020-04-27",676,BY
"2020-04-28",632,BY
"2020-04-29",600,BY
"2020-04-30",571,BY
"2020-05-01",537,BY
"2020-05-02",518,BY
"2020-05-03",504,BY
"2020-05-04",515,BY
"2020-05-05",490,BY
"2020-05-06",488,BY
"2020-05-07",463,BY
"2020-05-08",451,BY
"2020-05-09",427,BY
"2020-05-10",419,BY
"2020-05-11",403,BY
"2020-05-12",396,BY
"2020-05-13",366,BY
"2020-05-14",334,BY
"2020-05-15",317,BY
"2020-05-16",303,BY
"2020-05-17",293,BY
"2020-05-18",298,BY
"2020-05-19",270,BY
"2020-05-20",257,BY
"2020-05-21",237,BY
"2020-05-22",225,BY
"2020-05-23",223,BY
"2020-05-24",217,BY
"2020-05-25",218,BY
"2020-05-26",209,BY
"2020-05-27",196,BY
"2020-05-28",188,BY
"2020-05-29",180,BY
"2020-05-30",173,BY
"2020-05-31",165,BY
"2020-06-01",166,BY
"2020-06-02",173,BY
"2020-06-03",161,BY
"2020-06-04",145,BY
"2020-06-05",132,BY
"2020-06-06",120,BY
"2020-06-07",124,BY
"2020-06-08",113,BY
"2020-06-09",112,BY
"2020-06-10",97,BY
"2020-06-11",93,BY
"2020-06-12",92,BY
"2020-06-13",88,BY
"2020-06-14",88,BY
"2020-06-15",89,BY
"2020-06-16",82,BY
"2020-06-17",72,BY
"2020-06-18",69,BY
"2020-06-19",65,BY
"2020-06-20",56,BY
"2020-06-21",54,BY
"2020-06-22",55,BY
"2020-06-23",54,BY
"2020-06-24",53,BY
"2020-06-25",52,BY
"2020-06-26",52,BY
"2020-06-27",48,BY
"2020-06-28",46,BY
"2020-06-29",48,BY
"2020-06-30",50,BY
"2020-07-01",50,BY
"2020-07-02",49,BY
"2020-07-03",51,BY
"2020-07-04",55,BY
"2020-07-05",38,BY
"2020-07-06",41,BY
"2020-07-07",34,BY
"2020-07-08",35,BY
"2020-07-09",34,BY
"2020-07-10",36,BY
"2020-07-11",32,BY
"2020-07-12",32,BY
"2020-07-13",37,BY
"2020-07-14",32,BY
"2020-07-15",35,BY
"2020-07-16",34,BY
"2020-07-17",28,BY
"2020-07-18",28,BY
"2020-07-19",30,BY
"2020-07-20",34,BY
"2020-07-21",29,BY
"2020-07-22",31,BY
"2020-07-23",27,BY
"2020-07-24",27,BY
"2020-07-25",32,BY
"2020-07-26",35,BY
"2020-07-27",28,BY
"2020-07-28",27,BY
"2020-07-29",29,BY
"2020-07-30",31,BY
"2020-07-31",27,BY
"2020-08-01",26,BY
"2020-08-02",31,BY
"2020-08-03",31,BY
"2020-08-04",25,BY
"2020-08-05",22,BY
"2020-08-06",24,BY
"2020-08-07",22,BY
"2020-08-08",20,BY
"2020-08-09",23,BY
"2020-08-10",21,BY
"2020-08-11",22,BY
"2020-08-12",22,BY
"2020-08-13",20,BY
"2020-08-14",22,BY
"2020-08-15",24,BY
"2020-08-16",25,BY
"2020-08-17",25,BY
"2020-08-18",21,BY
"2020-08-19",22,BY
"2020-08-20",31,BY
"2020-08-21",30,BY
"2020-08-22",30,BY
"2020-08-23",36,BY
"2020-08-24",34,BY
"2020-08-25",34,BY
"2020-08-26",35,BY
"2020-08-27",37,BY
"2020-08-28",39,BY
"2020-08-29",39,BY
"2020-08-30",38,BY
"2020-08-31",42,BY
"2020-09-01",36,BY
"2020-09-02",35,BY
"2020-09-03",33,BY
"2020-09-04",39,BY
"2020-09-05",32,BY
"2020-09-06",33,BY
"2020-09-07",34,BY
"2020-09-08",35,BY
"2020-09-09",33,BY
"2020-09-10",34,BY
"2020-09-11",34,BY
"2020-09-12",34,BY
"2020-09-13",35,BY
"2020-09-14",36,BY
"2020-09-15",36,BY
"2020-09-16",39,BY
"2020-09-17",41,BY
"2020-09-18",41,BY
"2020-09-19",38,BY
"2020-09-20",42,BY
"2020-09-21",33,BY
"2020-09-22",37,BY
"2020-09-23",42,BY
"2020-09-24",46,BY
"2020-09-25",49,BY
"2020-09-26",50,BY
"2020-09-27",50,BY
"2020-09-28",56,BY
"2020-09-29",56,BY
"2020-09-30",55,BY
"2020-10-01",52,BY
"2020-10-02",60,BY
"2020-10-03",65,BY
"2020-10-04",67,BY
"2020-10-05",65,BY
"2020-10-06",58,BY
"2020-10-07",66,BY
"2020-10-08",64,BY
"2020-10-09",62,BY
"2020-10-10",63,BY
"2020-10-11",61,BY
"2020-10-12",73,BY
"2020-10-13",72,BY
"2020-10-14",72,BY
"2020-10-15",79,BY
"2020-10-16",86,BY
"2020-10-17",86,BY
"2020-10-18",83,BY
"2020-10-19",92,BY
"2020-10-20",96,BY
"2020-10-21",102,BY
"2020-10-22",100,BY
"2020-10-23",107,BY
"2020-10-24",110,BY
"2020-10-25",122,BY
"2020-10-26",125,BY
"2020-10-27",132,BY
"2020-10-28",151,BY
"2020-10-29",170,BY
"2020-10-30",185,BY
"2020-10-31",200,BY
"2020-11-01",243,BY
"2020-11-02",274,BY
"2020-11-03",290,BY
"2020-11-04",316,BY
"2020-04-15",16,HB
"2020-04-16",17,HB
"2020-04-17",18,HB
"2020-04-18",14,HB
"2020-04-19",14,HB
"2020-04-20",18,HB
"2020-04-21",12,HB
"2020-04-22",12,HB
"2020-04-23",14,HB
"2020-04-24",10,HB
"2020-04-25",12,HB
"2020-04-26",12,HB
"2020-04-27",14,HB
"2020-04-28",14,HB
"2020-04-29",13,HB
"2020-04-30",14,HB
"2020-05-01",14,HB
"2020-05-02",12,HB
"2020-05-03",13,HB
"2020-05-04",10,HB
"2020-05-05",10,HB
"2020-05-06",12,HB
"2020-05-07",11,HB
"2020-05-08",11,HB
"2020-05-09",13,HB
"2020-05-10",13,HB
"2020-05-11",13,HB
"2020-05-12",12,HB
"2020-05-13",13,HB
"2020-05-14",12,HB
"2020-05-15",17,HB
"2020-05-16",14,HB
"2020-05-17",11,HB
"2020-05-18",5,HB
"2020-05-19",8,HB
"2020-05-20",9,HB
"2020-05-21",10,HB
"2020-05-22",8,HB
"2020-05-23",9,HB
"2020-05-24",7,HB
"2020-05-25",9,HB
"2020-05-26",7,HB
"2020-05-27",9,HB
"2020-05-28",9,HB
"2020-05-29",10,HB
"2020-05-30",9,HB
"2020-05-31",8,HB
"2020-06-01",8,HB
"2020-06-02",9,HB
"2020-06-03",8,HB
"2020-06-04",7,HB
"2020-06-05",9,HB
"2020-06-06",10,HB
"2020-06-07",11,HB
"2020-06-08",9,HB
"2020-06-09",9,HB
"2020-06-10",7,HB
"2020-06-11",7,HB
"2020-06-12",7,HB
"2020-06-13",7,HB
"2020-06-14",7,HB
"2020-06-15",9,HB
"2020-06-16",5,HB
"2020-06-17",5,HB
"2020-06-18",6,HB
"2020-06-19",7,HB
"2020-06-20",5,HB
"2020-06-21",8,HB
"2020-06-22",10,HB
"2020-06-23",11,HB
"2020-06-24",8,HB
"2020-06-25",7,HB
"2020-06-26",7,HB
"2020-06-27",9,HB
"2020-06-28",9,HB
"2020-06-29",7,HB
"2020-06-30",8,HB
"2020-07-01",7,HB
"2020-07-02",8,HB
"2020-07-03",10,HB
"2020-07-04",9,HB
"2020-07-05",8,HB
"2020-07-06",8,HB
"2020-07-07",8,HB
"2020-07-08",7,HB
"2020-07-09",7,HB
"2020-07-10",7,HB
"2020-07-11",6,HB
"2020-07-12",6,HB
"2020-07-13",3,HB
"2020-07-14",6,HB
"2020-07-15",6,HB
"2020-07-16",3,HB
"2020-07-17",8,HB
"2020-07-18",8,HB
"2020-07-19",10,HB
"2020-07-20",5,HB
"2020-07-21",5,HB
"2020-07-22",4,HB
"2020-07-23",4,HB
"2020-07-24",3,HB
"2020-07-25",5,HB
"2020-07-26",4,HB
"2020-07-27",4,HB
"2020-07-28",5,HB
"2020-07-29",5,HB
"2020-07-30",5,HB
"2020-07-31",5,HB
"2020-08-01",4,HB
"2020-08-02",4,HB
"2020-08-03",4,HB
"2020-08-04",2,HB
"2020-08-05",2,HB
"2020-08-06",2,HB
"2020-08-07",2,HB
"2020-08-08",4,HB
"2020-08-09",3,HB
"2020-08-10",3,HB
"2020-08-11",1,HB
"2020-08-12",1,HB
"2020-08-13",2,HB
"2020-08-14",1,HB
"2020-08-15",1,HB
"2020-08-16",2,HB
"2020-08-17",2,HB
"2020-08-18",3,HB
"2020-08-19",3,HB
"2020-08-20",3,HB
"2020-08-21",3,HB
"2020-08-22",2,HB
"2020-08-23",3,HB
"2020-08-24",3,HB
"2020-08-25",2,HB
"2020-08-26",2,HB
"2020-08-27",3,HB
"2020-08-28",2,HB
"2020-08-29",2,HB
"2020-08-30",3,HB
"2020-08-31",1,HB
"2020-09-01",3,HB
"2020-09-02",2,HB
"2020-09-03",2,HB
"2020-09-04",3,HB
"2020-09-05",4,HB
"2020-09-06",4,HB
"2020-09-07",0,HB
"2020-09-08",2,HB
"2020-09-09",1,HB
"2020-09-10",1,HB
"2020-09-11",2,HB
"2020-09-12",1,HB
"2020-09-13",2,HB
"2020-09-14",4,HB
"2020-09-15",2,HB
"2020-09-16",1,HB
"2020-09-17",2,HB
"2020-09-18",2,HB
"2020-09-19",2,HB
"2020-09-20",2,HB
"2020-09-21",2,HB
"2020-09-22",2,HB
"2020-09-23",1,HB
"2020-09-24",1,HB
"2020-09-25",1,HB
"2020-09-26",2,HB
"2020-09-27",2,HB
"2020-09-28",2,HB
"2020-09-29",4,HB
"2020-09-30",1,HB
"2020-10-01",2,HB
"2020-10-02",2,HB
"2020-10-03",2,HB
"2020-10-04",2,HB
"2020-10-05",2,HB
"2020-10-06",4,HB
"2020-10-07",4,HB
"2020-10-08",5,HB
"2020-10-09",4,HB
"2020-10-10",4,HB
"2020-10-11",4,HB
"2020-10-12",5,HB
"2020-10-13",8,HB
"2020-10-14",7,HB
"2020-10-15",11,HB
"2020-10-16",9,HB
"2020-10-17",11,HB
"2020-10-18",10,HB
"2020-10-19",11,HB
"2020-10-20",11,HB
"2020-10-21",14,HB
"2020-10-22",14,HB
"2020-10-23",16,HB
"2020-10-24",18,HB
"2020-10-25",18,HB
"2020-10-26",21,HB
"2020-10-27",20,HB
"2020-10-28",18,HB
"2020-10-29",23,HB
"2020-10-30",20,HB
"2020-10-31",23,HB
"2020-11-01",22,HB
"2020-11-02",28,HB
"2020-11-03",32,HB
"2020-11-04",30,HB
"2020-04-15",186,HE
"2020-04-16",232,HE
"2020-04-17",226,HE
"2020-04-18",225,HE
"2020-04-19",229,HE
"2020-04-20",233,HE
"2020-04-21",232,HE
"2020-04-22",230,HE
"2020-04-23",230,HE
"2020-04-24",217,HE
"2020-04-25",217,HE
"2020-04-26",218,HE
"2020-04-27",209,HE
"2020-04-28",206,HE
"2020-04-29",205,HE
"2020-04-30",192,HE
"2020-05-01",189,HE
"2020-05-02",178,HE
"2020-05-03",183,HE
"2020-05-04",178,HE
"2020-05-05",174,HE
"2020-05-06",160,HE
"2020-05-07",149,HE
"2020-05-08",137,HE
"2020-05-09",124,HE
"2020-05-10",132,HE
"2020-05-11",130,HE
"2020-05-12",117,HE
"2020-05-13",111,HE
"2020-05-14",109,HE
"2020-05-15",105,HE
"2020-05-16",102,HE
"2020-05-17",101,HE
"2020-05-18",106,HE
"2020-05-19",102,HE
"2020-05-20",95,HE
"2020-05-21",93,HE
"2020-05-22",93,HE
"2020-05-23",89,HE
"2020-05-24",84,HE
"2020-05-25",85,HE
"2020-05-26",77,HE
"2020-05-27",71,HE
"2020-05-28",68,HE
"2020-05-29",60,HE
"2020-05-30",65,HE
"2020-05-31",65,HE
"2020-06-01",61,HE
"2020-06-02",61,HE
"2020-06-03",51,HE
"2020-06-04",48,HE
"2020-06-05",44,HE
"2020-06-06",44,HE
"2020-06-07",47,HE
"2020-06-08",46,HE
"2020-06-09",40,HE
"2020-06-10",39,HE
"2020-06-11",37,HE
"2020-06-12",35,HE
"2020-06-13",34,HE
"2020-06-14",31,HE
"2020-06-15",32,HE
"2020-06-16",31,HE
"2020-06-17",31,HE
"2020-06-18",32,HE
"2020-06-19",28,HE
"2020-06-20",27,HE
"2020-06-21",26,HE
"2020-06-22",27,HE
"2020-06-23",26,HE
"2020-06-24",28,HE
"2020-06-25",28,HE
"2020-06-26",28,HE
"2020-06-27",29,HE
"2020-06-28",25,HE
"2020-06-29",25,HE
"2020-06-30",21,HE
"2020-07-01",25,HE
"2020-07-02",24,HE
"2020-07-03",19,HE
"2020-07-04",21,HE
"2020-07-05",23,HE
"2020-07-06",23,HE
"2020-07-07",22,HE
"2020-07-08",22,HE
"2020-07-09",19,HE
"2020-07-10",21,HE
"2020-07-11",17,HE
"2020-07-12",17,HE
"2020-07-13",20,HE
"2020-07-14",22,HE
"2020-07-15",18,HE
"2020-07-16",24,HE
"2020-07-17",21,HE
"2020-07-18",20,HE
"2020-07-19",18,HE
"2020-07-20",18,HE
"2020-07-21",16,HE
"2020-07-22",18,HE
"2020-07-23",17,HE
"2020-07-24",14,HE
"2020-07-25",18,HE
"2020-07-26",18,HE
"2020-07-27",22,HE
"2020-07-28",21,HE
"2020-07-29",19,HE
"2020-07-30",22,HE
"2020-07-31",25,HE
"2020-08-01",18,HE
"2020-08-02",17,HE
"2020-08-03",18,HE
"2020-08-04",21,HE
"2020-08-05",19,HE
"2020-08-06",17,HE
"2020-08-07",19,HE
"2020-08-08",19,HE
"2020-08-09",21,HE
"2020-08-10",21,HE
"2020-08-11",21,HE
"2020-08-12",19,HE
"2020-08-13",18,HE
"2020-08-14",17,HE
"2020-08-15",21,HE
"2020-08-16",18,HE
"2020-08-17",18,HE
"2020-08-18",12,HE
"2020-08-19",13,HE
"2020-08-20",14,HE
"2020-08-21",14,HE
"2020-08-22",15,HE
"2020-08-23",15,HE
"2020-08-24",15,HE
"2020-08-25",12,HE
"2020-08-26",11,HE
"2020-08-27",13,HE
"2020-08-28",15,HE
"2020-08-29",15,HE
"2020-08-30",15,HE
"2020-08-31",15,HE
"2020-09-01",15,HE
"2020-09-02",16,HE
"2020-09-03",15,HE
"2020-09-04",18,HE
"2020-09-05",20,HE
"2020-09-06",19,HE
"2020-09-07",18,HE
"2020-09-08",19,HE
"2020-09-09",17,HE
"2020-09-10",19,HE
"2020-09-11",18,HE
"2020-09-12",23,HE
"2020-09-13",24,HE
"2020-09-14",28,HE
"2020-09-15",25,HE
"2020-09-16",20,HE
"2020-09-17",20,HE
"2020-09-18",23,HE
"2020-09-19",22,HE
"2020-09-20",24,HE
"2020-09-21",27,HE
"2020-09-22",27,HE
"2020-09-23",27,HE
"2020-09-24",26,HE
"2020-09-25",25,HE
"2020-09-26",26,HE
"2020-09-27",27,HE
"2020-09-28",30,HE
"2020-09-29",30,HE
"2020-09-30",29,HE
"2020-10-01",30,HE
"2020-10-02",30,HE
"2020-10-03",32,HE
"2020-10-04",34,HE
"2020-10-05",39,HE
"2020-10-06",43,HE
"2020-10-07",46,HE
"2020-10-08",43,HE
"2020-10-09",46,HE
"2020-10-10",45,HE
"2020-10-11",47,HE
"2020-10-12",46,HE
"2020-10-13",52,HE
"2020-10-14",46,HE
"2020-10-15",46,HE
"2020-10-16",48,HE
"2020-10-17",61,HE
"2020-10-18",71,HE
"2020-10-19",81,HE
"2020-10-20",84,HE
"2020-10-21",89,HE
"2020-10-22",84,HE
"2020-10-23",98,HE
"2020-10-24",116,HE
"2020-10-25",129,HE
"2020-10-26",138,HE
"2020-10-27",139,HE
"2020-10-28",157,HE
"2020-10-29",167,HE
"2020-10-30",179,HE
"2020-10-31",186,HE
"2020-11-01",188,HE
"2020-11-02",198,HE
"2020-11-03",223,HE
"2020-11-04",223,HE
"2020-04-15",97,HH
"2020-04-16",102,HH
"2020-04-17",101,HH
"2020-04-18",92,HH
"2020-04-19",91,HH
"2020-04-20",87,HH
"2020-04-21",88,HH
"2020-04-22",84,HH
"2020-04-23",84,HH
"2020-04-24",76,HH
"2020-04-25",79,HH
"2020-04-26",81,HH
"2020-04-27",83,HH
"2020-04-28",83,HH
"2020-04-29",83,HH
"2020-04-30",82,HH
"2020-05-01",76,HH
"2020-05-02",76,HH
"2020-05-03",72,HH
"2020-05-04",71,HH
"2020-05-05",71,HH
"2020-05-06",68,HH
"2020-05-07",65,HH
"2020-05-08",64,HH
"2020-05-09",63,HH
"2020-05-10",65,HH
"2020-05-11",60,HH
"2020-05-12",56,HH
"2020-05-13",52,HH
"2020-05-14",46,HH
"2020-05-15",44,HH
"2020-05-16",44,HH
"2020-05-17",43,HH
"2020-05-18",45,HH
"2020-05-19",44,HH
"2020-05-20",37,HH
"2020-05-21",36,HH
"2020-05-22",35,HH
"2020-05-23",29,HH
"2020-05-24",28,HH
"2020-05-25",27,HH
"2020-05-26",24,HH
"2020-05-27",23,HH
"2020-05-28",23,HH
"2020-05-29",24,HH
"2020-05-30",23,HH
"2020-05-31",24,HH
"2020-06-01",24,HH
"2020-06-02",23,HH
"2020-06-03",22,HH
"2020-06-04",21,HH
"2020-06-05",21,HH
"2020-06-06",21,HH
"2020-06-07",21,HH
"2020-06-08",21,HH
"2020-06-09",21,HH
"2020-06-10",20,HH
"2020-06-11",19,HH
"2020-06-12",17,HH
"2020-06-13",16,HH
"2020-06-14",14,HH
"2020-06-15",15,HH
"2020-06-16",15,HH
"2020-06-17",15,HH
"2020-06-18",15,HH
"2020-06-19",15,HH
"2020-06-20",13,HH
"2020-06-21",13,HH
"2020-06-22",13,HH
"2020-06-23",14,HH
"2020-06-24",13,HH
"2020-06-25",14,HH
"2020-06-26",11,HH
"2020-06-27",10,HH
"2020-06-28",10,HH
"2020-06-29",10,HH
"2020-06-30",10,HH
"2020-07-01",10,HH
"2020-07-02",11,HH
"2020-07-03",11,HH
"2020-07-04",10,HH
"2020-07-05",11,HH
"2020-07-06",10,HH
"2020-07-07",9,HH
"2020-07-08",6,HH
"2020-07-09",9,HH
"2020-07-10",9,HH
"2020-07-11",10,HH
"2020-07-12",10,HH
"2020-07-13",12,HH
"2020-07-14",13,HH
"2020-07-15",11,HH
"2020-07-16",11,HH
"2020-07-17",12,HH
"2020-07-18",12,HH
"2020-07-19",13,HH
"2020-07-20",13,HH
"2020-07-21",13,HH
"2020-07-22",13,HH
"2020-07-23",11,HH
"2020-07-24",11,HH
"2020-07-25",9,HH
"2020-07-26",10,HH
"2020-07-27",8,HH
"2020-07-28",8,HH
"2020-07-29",9,HH
"2020-07-30",9,HH
"2020-07-31",9,HH
"2020-08-01",9,HH
"2020-08-02",9,HH
"2020-08-03",9,HH
"2020-08-04",10,HH
"2020-08-05",10,HH
"2020-08-06",12,HH
"2020-08-07",12,HH
"2020-08-08",10,HH
"2020-08-09",9,HH
"2020-08-10",10,HH
"2020-08-11",10,HH
"2020-08-12",10,HH
"2020-08-13",10,HH
"2020-08-14",12,HH
"2020-08-15",12,HH
"2020-08-16",10,HH
"2020-08-17",11,HH
"2020-08-18",11,HH
"2020-08-19",11,HH
"2020-08-20",10,HH
"2020-08-21",9,HH
"2020-08-22",11,HH
"2020-08-23",9,HH
"2020-08-24",11,HH
"2020-08-25",11,HH
"2020-08-26",10,HH
"2020-08-27",9,HH
"2020-08-28",8,HH
"2020-08-29",8,HH
"2020-08-30",8,HH
"2020-08-31",7,HH
"2020-09-01",7,HH
"2020-09-02",7,HH
"2020-09-03",6,HH
"2020-09-04",7,HH
"2020-09-05",8,HH
"2020-09-06",8,HH
"2020-09-07",7,HH
"2020-09-08",5,HH
"2020-09-09",7,HH
"2020-09-10",8,HH
"2020-09-11",9,HH
"2020-09-12",9,HH
"2020-09-13",10,HH
"2020-09-14",10,HH
"2020-09-15",12,HH
"2020-09-16",11,HH
"2020-09-17",10,HH
"2020-09-18",12,HH
"2020-09-19",10,HH
"2020-09-20",11,HH
"2020-09-21",13,HH
"2020-09-22",12,HH
"2020-09-23",15,HH
"2020-09-24",14,HH
"2020-09-25",14,HH
"2020-09-26",17,HH
"2020-09-27",17,HH
"2020-09-28",17,HH
"2020-09-29",17,HH
"2020-09-30",17,HH
"2020-10-01",18,HH
"2020-10-02",16,HH
"2020-10-03",12,HH
"2020-10-04",13,HH
"2020-10-05",10,HH
"2020-10-06",11,HH
"2020-10-07",12,HH
"2020-10-08",13,HH
"2020-10-09",14,HH
"2020-10-10",15,HH
"2020-10-11",15,HH
"2020-10-12",17,HH
"2020-10-13",16,HH
"2020-10-14",18,HH
"2020-10-15",18,HH
"2020-10-16",19,HH
"2020-10-17",21,HH
"2020-10-18",20,HH
"2020-10-19",19,HH
"2020-10-20",24,HH
"2020-10-21",26,HH
"2020-10-22",27,HH
"2020-10-23",29,HH
"2020-10-24",27,HH
"2020-10-25",25,HH
"2020-10-26",25,HH
"2020-10-27",34,HH
"2020-10-28",36,HH
"2020-10-29",38,HH
"2020-10-30",40,HH
"2020-10-31",42,HH
"2020-11-01",44,HH
"2020-11-02",48,HH
"2020-11-03",51,HH
"2020-11-04",43,HH
"2020-04-15",9,MV
"2020-04-16",8,MV
"2020-04-17",6,MV
"2020-04-18",7,MV
"2020-04-19",7,MV
"2020-04-20",7,MV
"2020-04-21",8,MV
"2020-04-22",9,MV
"2020-04-23",6,MV
"2020-04-24",5,MV
"2020-04-25",6,MV
"2020-04-26",8,MV
"2020-04-27",6,MV
"2020-04-28",8,MV
"2020-04-29",6,MV
"2020-04-30",7,MV
"2020-05-01",4,MV
"2020-05-02",4,MV
"2020-05-03",4,MV
"2020-05-04",4,MV
"2020-05-05",5,MV
"2020-05-06",4,MV
"2020-05-07",5,MV
"2020-05-08",4,MV
"2020-05-09",4,MV
"2020-05-10",3,MV
"2020-05-11",4,MV
"2020-05-12",4,MV
"2020-05-13",5,MV
"2020-05-14",4,MV
"2020-05-15",5,MV
"2020-05-16",5,MV
"2020-05-17",5,MV
"2020-05-18",5,MV
"2020-05-19",5,MV
"2020-05-20",6,MV
"2020-05-21",5,MV
"2020-05-22",5,MV
"2020-05-23",3,MV
"2020-05-24",2,MV
"2020-05-25",2,MV
"2020-05-26",2,MV
"2020-05-27",2,MV
"2020-05-28",2,MV
"2020-05-29",2,MV
"2020-05-30",2,MV
"2020-05-31",2,MV
"2020-06-01",2,MV
"2020-06-02",2,MV
"2020-06-03",2,MV
"2020-06-04",2,MV
"2020-06-05",2,MV
"2020-06-06",1,MV
"2020-06-07",2,MV
"2020-06-08",2,MV
"2020-06-09",3,MV
"2020-06-10",3,MV
"2020-06-11",3,MV
"2020-06-12",2,MV
"2020-06-13",3,MV
"2020-06-14",2,MV
"2020-06-15",2,MV
"2020-06-16",2,MV
"2020-06-17",2,MV
"2020-06-18",2,MV
"2020-06-19",2,MV
"2020-06-20",2,MV
"2020-06-21",2,MV
"2020-06-22",2,MV
"2020-06-23",2,MV
"2020-06-24",2,MV
"2020-06-25",2,MV
"2020-06-26",2,MV
"2020-06-27",2,MV
"2020-06-28",2,MV
"2020-06-29",2,MV
"2020-06-30",3,MV
"2020-07-01",2,MV
"2020-07-02",2,MV
"2020-07-03",2,MV
"2020-07-04",2,MV
"2020-07-05",2,MV
"2020-07-06",2,MV
"2020-07-07",1,MV
"2020-07-08",1,MV
"2020-07-09",0,MV
"2020-07-10",0,MV
"2020-07-11",0,MV
"2020-07-12",0,MV
"2020-07-13",0,MV
"2020-07-14",0,MV
"2020-07-15",0,MV
"2020-07-16",0,MV
"2020-07-17",0,MV
"2020-07-18",0,MV
"2020-07-19",0,MV
"2020-07-20",0,MV
"2020-07-21",0,MV
"2020-07-22",0,MV
"2020-07-23",3,MV
"2020-07-24",0,MV
"2020-07-25",0,MV
"2020-07-26",0,MV
"2020-07-27",1,MV
"2020-07-28",0,MV
"2020-07-29",0,MV
"2020-07-30",0,MV
"2020-07-31",0,MV
"2020-08-01",0,MV
"2020-08-02",0,MV
"2020-08-03",0,MV
"2020-08-04",2,MV
"2020-08-05",2,MV
"2020-08-06",2,MV
"2020-08-07",1,MV
"2020-08-08",0,MV
"2020-08-09",0,MV
"2020-08-10",0,MV
"2020-08-11",0,MV
"2020-08-12",0,MV
"2020-08-13",0,MV
"2020-08-14",1,MV
"2020-08-15",4,MV
"2020-08-16",3,MV
"2020-08-17",2,MV
"2020-08-18",1,MV
"2020-08-19",1,MV
"2020-08-20",1,MV
"2020-08-21",1,MV
"2020-08-22",0,MV
"2020-08-23",0,MV
"2020-08-24",0,MV
"2020-08-25",0,MV
"2020-08-26",0,MV
"2020-08-27",0,MV
"2020-08-28",1,MV
"2020-08-29",0,MV
"2020-08-30",0,MV
"2020-08-31",0,MV
"2020-09-01",0,MV
"2020-09-02",0,MV
"2020-09-03",0,MV
"2020-09-04",0,MV
"2020-09-05",0,MV
"2020-09-06",0,MV
"2020-09-07",0,MV
"2020-09-08",0,MV
"2020-09-09",0,MV
"2020-09-10",0,MV
"2020-09-11",0,MV
"2020-09-12",0,MV
"2020-09-13",0,MV
"2020-09-14",0,MV
"2020-09-15",2,MV
"2020-09-16",0,MV
"2020-09-17",1,MV
"2020-09-18",1,MV
"2020-09-19",1,MV
"2020-09-20",1,MV
"2020-09-21",1,MV
"2020-09-22",2,MV
"2020-09-23",2,MV
"2020-09-24",1,MV
"2020-09-25",1,MV
"2020-09-26",0,MV
"2020-09-27",0,MV
"2020-09-28",0,MV
"2020-09-29",0,MV
"2020-09-30",0,MV
"2020-10-01",1,MV
"2020-10-02",1,MV
"2020-10-03",4,MV
"2020-10-04",3,MV
"2020-10-05",3,MV
"2020-10-06",2,MV
"2020-10-07",2,MV
"2020-10-08",3,MV
"2020-10-09",4,MV
"2020-10-10",5,MV
"2020-10-11",5,MV
"2020-10-12",6,MV
"2020-10-13",3,MV
"2020-10-14",6,MV
"2020-10-15",6,MV
"2020-10-16",6,MV
"2020-10-17",6,MV
"2020-10-18",5,MV
"2020-10-19",5,MV
"2020-10-20",3,MV
"2020-10-21",6,MV
"2020-10-22",10,MV
"2020-10-23",12,MV
"2020-10-24",11,MV
"2020-10-25",12,MV
"2020-10-26",9,MV
"2020-10-27",11,MV
"2020-10-28",10,MV
"2020-10-29",13,MV
"2020-10-30",17,MV
"2020-10-31",15,MV
"2020-11-01",18,MV
"2020-11-02",19,MV
"2020-11-03",19,MV
"2020-11-04",19,MV
"2020-04-15",133,NI
"2020-04-16",152,NI
"2020-04-17",163,NI
"2020-04-18",176,NI
"2020-04-19",178,NI
"2020-04-20",187,NI
"2020-04-21",184,NI
"2020-04-22",174,NI
"2020-04-23",170,NI
"2020-04-24",166,NI
"2020-04-25",149,NI
"2020-04-26",155,NI
"2020-04-27",159,NI
"2020-04-28",146,NI
"2020-04-29",146,NI
"2020-04-30",140,NI
"2020-05-01",127,NI
"2020-05-02",127,NI
"2020-05-03",123,NI
"2020-05-04",115,NI
"2020-05-05",110,NI
"2020-05-06",109,NI
"2020-05-07",97,NI
"2020-05-08",96,NI
"2020-05-09",102,NI
"2020-05-10",99,NI
"2020-05-11",97,NI
"2020-05-12",90,NI
"2020-05-13",89,NI
"2020-05-14",75,NI
"2020-05-15",70,NI
"2020-05-16",72,NI
"2020-05-17",65,NI
"2020-05-18",64,NI
"2020-05-19",61,NI
"2020-05-20",55,NI
"2020-05-21",58,NI
"2020-05-22",63,NI
"2020-05-23",58,NI
"2020-05-24",48,NI
"2020-05-25",43,NI
"2020-05-26",46,NI
"2020-05-27",43,NI
"2020-05-28",37,NI
"2020-05-29",45,NI
"2020-05-30",42,NI
"2020-05-31",45,NI
"2020-06-01",44,NI
"2020-06-02",46,NI
"2020-06-03",43,NI
"2020-06-04",41,NI
"2020-06-05",40,NI
"2020-06-06",41,NI
"2020-06-07",43,NI
"2020-06-08",43,NI
"2020-06-09",43,NI
"2020-06-10",42,NI
"2020-06-11",33,NI
"2020-06-12",33,NI
"2020-06-13",36,NI
"2020-06-14",30,NI
"2020-06-15",32,NI
"2020-06-16",38,NI
"2020-06-17",36,NI
"2020-06-18",36,NI
"2020-06-19",33,NI
"2020-06-20",32,NI
"2020-06-21",28,NI
"2020-06-22",28,NI
"2020-06-23",25,NI
"2020-06-24",24,NI
"2020-06-25",26,NI
"2020-06-26",28,NI
"2020-06-27",20,NI
"2020-06-28",21,NI
"2020-06-29",23,NI
"2020-06-30",22,NI
"2020-07-01",19,NI
"2020-07-02",16,NI
"2020-07-03",17,NI
"2020-07-04",20,NI
"2020-07-05",17,NI
"2020-07-06",18,NI
"2020-07-07",21,NI
"2020-07-08",18,NI
"2020-07-09",18,NI
"2020-07-10",17,NI
"2020-07-11",14,NI
"2020-07-12",16,NI
"2020-07-13",22,NI
"2020-07-14",15,NI
"2020-07-15",16,NI
"2020-07-16",16,NI
"2020-07-17",16,NI
"2020-07-18",18,NI
"2020-07-19",15,NI
"2020-07-20",14,NI
"2020-07-21",20,NI
"2020-07-22",20,NI
"2020-07-23",16,NI
"2020-07-24",16,NI
"2020-07-25",19,NI
"2020-07-26",21,NI
"2020-07-27",16,NI
"2020-07-28",17,NI
"2020-07-29",17,NI
"2020-07-30",18,NI
"2020-07-31",22,NI
"2020-08-01",20,NI
"2020-08-02",18,NI
"2020-08-03",17,NI
"2020-08-04",16,NI
"2020-08-05",18,NI
"2020-08-06",20,NI
"2020-08-07",21,NI
"2020-08-08",20,NI
"2020-08-09",23,NI
"2020-08-10",21,NI
"2020-08-11",21,NI
"2020-08-12",21,NI
"2020-08-13",16,NI
"2020-08-14",21,NI
"2020-08-15",20,NI
"2020-08-16",18,NI
"2020-08-17",15,NI
"2020-08-18",15,NI
"2020-08-19",15,NI
"2020-08-20",15,NI
"2020-08-21",20,NI
"2020-08-22",16,NI
"2020-08-23",14,NI
"2020-08-24",15,NI
"2020-08-25",14,NI
"2020-08-26",12,NI
"2020-08-27",13,NI
"2020-08-28",10,NI
"2020-08-29",17,NI
"2020-08-30",19,NI
"2020-08-31",21,NI
"2020-09-01",20,NI
"2020-09-02",17,NI
"2020-09-03",12,NI
"2020-09-04",16,NI
"2020-09-05",16,NI
"2020-09-06",20,NI
"2020-09-07",21,NI
"2020-09-08",18,NI
"2020-09-09",14,NI
"2020-09-10",15,NI
"2020-09-11",16,NI
"2020-09-12",18,NI
"2020-09-13",16,NI
"2020-09-14",14,NI
"2020-09-15",11,NI
"2020-09-16",15,NI
"2020-09-17",17,NI
"2020-09-18",15,NI
"2020-09-19",20,NI
"2020-09-20",21,NI
"2020-09-21",18,NI
"2020-09-22",18,NI
"2020-09-23",18,NI
"2020-09-24",22,NI
"2020-09-25",22,NI
"2020-09-26",24,NI
"2020-09-27",25,NI
"2020-09-28",31,NI
"2020-09-29",29,NI
"2020-09-30",29,NI
"2020-10-01",23,NI
"2020-10-02",27,NI
"2020-10-03",31,NI
"2020-10-04",33,NI
"2020-10-05",38,NI
"2020-10-06",29,NI
"2020-10-07",30,NI
"2020-10-08",31,NI
"2020-10-09",36,NI
"2020-10-10",35,NI
"2020-10-11",34,NI
"2020-10-12",37,NI
"2020-10-13",40,NI
"2020-10-14",37,NI
"2020-10-15",44,NI
"2020-10-16",44,NI
"2020-10-17",46,NI
"2020-10-18",49,NI
"2020-10-19",50,NI
"2020-10-20",50,NI
"2020-10-21",49,NI
"2020-10-22",61,NI
"2020-10-23",66,NI
"2020-10-24",78,NI
"2020-10-25",77,NI
"2020-10-26",90,NI
"2020-10-27",98,NI
"2020-10-28",103,NI
"2020-10-29",101,NI
"2020-10-30",117,NI
"2020-10-31",124,NI
"2020-11-01",120,NI
"2020-11-02",124,NI
"2020-11-03",124,NI
"2020-11-04",136,NI
"2020-04-15",566,NW
"2020-04-16",606,NW
"2020-04-17",607,NW
"2020-04-18",594,NW
"2020-04-19",584,NW
"2020-04-20",586,NW
"2020-04-21",589,NW
"2020-04-22",547,NW
"2020-04-23",521,NW
"2020-04-24",514,NW
"2020-04-25",493,NW
"2020-04-26",495,NW
"2020-04-27",477,NW
"2020-04-28",471,NW
"2020-04-29",452,NW
"2020-04-30",433,NW
"2020-05-01",383,NW
"2020-05-02",371,NW
"2020-05-03",369,NW
"2020-05-04",371,NW
"2020-05-05",342,NW
"2020-05-06",348,NW
"2020-05-07",326,NW
"2020-05-08",318,NW
"2020-05-09",311,NW
"2020-05-10",308,NW
"2020-05-11",301,NW
"2020-05-12",276,NW
"2020-05-13",269,NW
"2020-05-14",256,NW
"2020-05-15",228,NW
"2020-05-16",205,NW
"2020-05-17",210,NW
"2020-05-18",207,NW
"2020-05-19",200,NW
"2020-05-20",181,NW
"2020-05-21",161,NW
"2020-05-22",164,NW
"2020-05-23",146,NW
"2020-05-24",148,NW
"2020-05-25",150,NW
"2020-05-26",133,NW
"2020-05-27",128,NW
"2020-05-28",123,NW
"2020-05-29",131,NW
"2020-05-30",132,NW
"2020-05-31",125,NW
"2020-06-01",120,NW
"2020-06-02",114,NW
"2020-06-03",112,NW
"2020-06-04",109,NW
"2020-06-05",99,NW
"2020-06-06",98,NW
"2020-06-07",89,NW
"2020-06-08",91,NW
"2020-06-09",84,NW
"2020-06-10",78,NW
"2020-06-11",81,NW
"2020-06-12",81,NW
"2020-06-13",78,NW
"2020-06-14",80,NW
"2020-06-15",80,NW
"2020-06-16",76,NW
"2020-06-17",78,NW
"2020-06-18",74,NW
"2020-06-19",68,NW
"2020-06-20",67,NW
"2020-06-21",63,NW
"2020-06-22",75,NW
"2020-06-23",77,NW
"2020-06-24",77,NW
"2020-06-25",73,NW
"2020-06-26",79,NW
"2020-06-27",79,NW
"2020-06-28",76,NW
"2020-06-29",77,NW
"2020-06-30",74,NW
"2020-07-01",69,NW
"2020-07-02",75,NW
"2020-07-03",81,NW
"2020-07-04",75,NW
"2020-07-05",71,NW
"2020-07-06",73,NW
"2020-07-07",69,NW
"2020-07-08",76,NW
"2020-07-09",65,NW
"2020-07-10",65,NW
"2020-07-11",60,NW
"2020-07-12",63,NW
"2020-07-13",64,NW
"2020-07-14",62,NW
"2020-07-15",60,NW
"2020-07-16",59,NW
"2020-07-17",59,NW
"2020-07-18",58,NW
"2020-07-19",61,NW
"2020-07-20",59,NW
"2020-07-21",65,NW
"2020-07-22",62,NW
"2020-07-23",56,NW
"2020-07-24",59,NW
"2020-07-25",65,NW
"2020-07-26",67,NW
"2020-07-27",62,NW
"2020-07-28",61,NW
"2020-07-29",66,NW
"2020-07-30",68,NW
"2020-07-31",67,NW
"2020-08-01",77,NW
"2020-08-02",81,NW
"2020-08-03",75,NW
"2020-08-04",74,NW
"2020-08-05",70,NW
"2020-08-06",72,NW
"2020-08-07",74,NW
"2020-08-08",72,NW
"2020-08-09",72,NW
"2020-08-10",65,NW
"2020-08-11",73,NW
"2020-08-12",78,NW
"2020-08-13",82,NW
"2020-08-14",83,NW
"2020-08-15",73,NW
"2020-08-16",74,NW
"2020-08-17",77,NW
"2020-08-18",84,NW
"2020-08-19",79,NW
"2020-08-20",77,NW
"2020-08-21",80,NW
"2020-08-22",85,NW
"2020-08-23",88,NW
"2020-08-24",85,NW
"2020-08-25",80,NW
"2020-08-26",83,NW
"2020-08-27",79,NW
"2020-08-28",74,NW
"2020-08-29",69,NW
"2020-08-30",71,NW
"2020-08-31",78,NW
"2020-09-01",77,NW
"2020-09-02",78,NW
"2020-09-03",83,NW
"2020-09-04",70,NW
"2020-09-05",69,NW
"2020-09-06",67,NW
"2020-09-07",70,NW
"2020-09-08",76,NW
"2020-09-09",78,NW
"2020-09-10",86,NW
"2020-09-11",77,NW
"2020-09-12",79,NW
"2020-09-13",70,NW
"2020-09-14",70,NW
"2020-09-15",63,NW
"2020-09-16",59,NW
"2020-09-17",59,NW
"2020-09-18",65,NW
"2020-09-19",75,NW
"2020-09-20",75,NW
"2020-09-21",82,NW
"2020-09-22",82,NW
"2020-09-23",74,NW
"2020-09-24",81,NW
"2020-09-25",78,NW
"2020-09-26",78,NW
"2020-09-27",74,NW
"2020-09-28",85,NW
"2020-09-29",83,NW
"2020-09-30",92,NW
"2020-10-01",89,NW
"2020-10-02",96,NW
"2020-10-03",104,NW
"2020-10-04",102,NW
"2020-10-05",125,NW
"2020-10-06",132,NW
"2020-10-07",137,NW
"2020-10-08",157,NW
"2020-10-09",167,NW
"2020-10-10",171,NW
"2020-10-11",168,NW
"2020-10-12",186,NW
"2020-10-13",190,NW
"2020-10-14",182,NW
"2020-10-15",191,NW
"2020-10-16",198,NW
"2020-10-17",205,NW
"2020-10-18",212,NW
"2020-10-19",234,NW
"2020-10-20",255,NW
"2020-10-21",249,NW
"2020-10-22",274,NW
"2020-10-23",289,NW
"2020-10-24",318,NW
"2020-10-25",359,NW
"2020-10-26",391,NW
"2020-10-27",422,NW
"2020-10-28",426,NW
"2020-10-29",465,NW
"2020-10-30",518,NW
"2020-10-31",568,NW
"2020-11-01",575,NW
"2020-11-02",635,NW
"2020-11-03",679,NW
"2020-11-04",718,NW
"2020-04-15",96,RP
"2020-04-16",93,RP
"2020-04-17",96,RP
"2020-04-18",117,RP
"2020-04-19",118,RP
"2020-04-20",103,RP
"2020-04-21",110,RP
"2020-04-22",104,RP
"2020-04-23",98,RP
"2020-04-24",101,RP
"2020-04-25",90,RP
"2020-04-26",92,RP
"2020-04-27",89,RP
"2020-04-28",80,RP
"2020-04-29",76,RP
"2020-04-30",74,RP
"2020-05-01",74,RP
"2020-05-02",69,RP
"2020-05-03",67,RP
"2020-05-04",58,RP
"2020-05-05",52,RP
"2020-05-06",56,RP
"2020-05-07",49,RP
"2020-05-08",47,RP
"2020-05-09",45,RP
"2020-05-10",43,RP
"2020-05-11",42,RP
"2020-05-12",41,RP
"2020-05-13",42,RP
"2020-05-14",34,RP
"2020-05-15",28,RP
"2020-05-16",30,RP
"2020-05-17",31,RP
"2020-05-18",27,RP
"2020-05-19",24,RP
"2020-05-20",24,RP
"2020-05-21",27,RP
"2020-05-22",19,RP
"2020-05-23",20,RP
"2020-05-24",19,RP
"2020-05-25",18,RP
"2020-05-26",19,RP
"2020-05-27",23,RP
"2020-05-28",22,RP
"2020-05-29",14,RP
"2020-05-30",12,RP
"2020-05-31",13,RP
"2020-06-01",17,RP
"2020-06-02",14,RP
"2020-06-03",11,RP
"2020-06-04",11,RP
"2020-06-05",12,RP
"2020-06-06",13,RP
"2020-06-07",11,RP
"2020-06-08",12,RP
"2020-06-09",11,RP
"2020-06-10",11,RP
"2020-06-11",12,RP
"2020-06-12",11,RP
"2020-06-13",9,RP
"2020-06-14",10,RP
"2020-06-15",8,RP
"2020-06-16",8,RP
"2020-06-17",7,RP
"2020-06-18",6,RP
"2020-06-19",8,RP
"2020-06-20",9,RP
"2020-06-21",7,RP
"2020-06-22",7,RP
"2020-06-23",6,RP
"2020-06-24",8,RP
"2020-06-25",8,RP
"2020-06-26",8,RP
"2020-06-27",9,RP
"2020-06-28",8,RP
"2020-06-29",9,RP
"2020-06-30",9,RP
"2020-07-01",10,RP
"2020-07-02",10,RP
"2020-07-03",9,RP
"2020-07-04",7,RP
"2020-07-05",7,RP
"2020-07-06",7,RP
"2020-07-07",7,RP
"2020-07-08",6,RP
"2020-07-09",5,RP
"2020-07-10",5,RP
"2020-07-11",5,RP
"2020-07-12",6,RP
"2020-07-13",4,RP
"2020-07-14",5,RP
"2020-07-15",5,RP
"2020-07-16",6,RP
"2020-07-17",4,RP
"2020-07-18",4,RP
"2020-07-19",6,RP
"2020-07-20",7,RP
"2020-07-21",5,RP
"2020-07-22",7,RP
"2020-07-23",7,RP
"2020-07-24",9,RP
"2020-07-25",8,RP
"2020-07-26",7,RP
"2020-07-27",9,RP
"2020-07-28",8,RP
"2020-07-29",7,RP
"2020-07-30",7,RP
"2020-07-31",5,RP
"2020-08-01",6,RP
"2020-08-02",6,RP
"2020-08-03",7,RP
"2020-08-04",6,RP
"2020-08-05",8,RP
"2020-08-06",8,RP
"2020-08-07",9,RP
"2020-08-08",6,RP
"2020-08-09",11,RP
"2020-08-10",11,RP
"2020-08-11",10,RP
"2020-08-12",8,RP
"2020-08-13",7,RP
"2020-08-14",10,RP
"2020-08-15",10,RP
"2020-08-16",11,RP
"2020-08-17",11,RP
"2020-08-18",11,RP
"2020-08-19",12,RP
"2020-08-20",17,RP
"2020-08-21",11,RP
"2020-08-22",12,RP
"2020-08-23",11,RP
"2020-08-24",12,RP
"2020-08-25",9,RP
"2020-08-26",9,RP
"2020-08-27",10,RP
"2020-08-28",11,RP
"2020-08-29",12,RP
"2020-08-30",11,RP
"2020-08-31",9,RP
"2020-09-01",8,RP
"2020-09-02",7,RP
"2020-09-03",9,RP
"2020-09-04",6,RP
"2020-09-05",8,RP
"2020-09-06",8,RP
"2020-09-07",8,RP
"2020-09-08",9,RP
"2020-09-09",12,RP
"2020-09-10",10,RP
"2020-09-11",6,RP
"2020-09-12",5,RP
"2020-09-13",7,RP
"2020-09-14",5,RP
"2020-09-15",7,RP
"2020-09-16",11,RP
"2020-09-17",9,RP
"2020-09-18",8,RP
"2020-09-19",11,RP
"2020-09-20",10,RP
"2020-09-21",8,RP
"2020-09-22",8,RP
"2020-09-23",10,RP
"2020-09-24",8,RP
"2020-09-25",11,RP
"2020-09-26",14,RP
"2020-09-27",14,RP
"2020-09-28",13,RP
"2020-09-29",12,RP
"2020-09-30",11,RP
"2020-10-01",12,RP
"2020-10-02",12,RP
"2020-10-03",12,RP
"2020-10-04",13,RP
"2020-10-05",14,RP
"2020-10-06",14,RP
"2020-10-07",13,RP
"2020-10-08",15,RP
"2020-10-09",17,RP
"2020-10-10",20,RP
"2020-10-11",18,RP
"2020-10-12",20,RP
"2020-10-13",19,RP
"2020-10-14",22,RP
"2020-10-15",25,RP
"2020-10-16",26,RP
"2020-10-17",29,RP
"2020-10-18",28,RP
"2020-10-19",33,RP
"2020-10-20",40,RP
"2020-10-21",42,RP
"2020-10-22",45,RP
"2020-10-23",48,RP
"2020-10-24",49,RP
"2020-10-25",52,RP
"2020-10-26",54,RP
"2020-10-27",55,RP
"2020-10-28",63,RP
"2020-10-29",63,RP
"2020-10-30",65,RP
"2020-10-31",69,RP
"2020-11-01",73,RP
"2020-11-02",80,RP
"2020-11-03",83,RP
"2020-11-04",90,RP
"2020-04-15",44,SH
"2020-04-16",43,SH
"2020-04-17",40,SH
"2020-04-18",41,SH
"2020-04-19",40,SH
"2020-04-20",42,SH
"2020-04-21",38,SH
"2020-04-22",33,SH
"2020-04-23",28,SH
"2020-04-24",28,SH
"2020-04-25",25,SH
"2020-04-26",25,SH
"2020-04-27",25,SH
"2020-04-28",25,SH
"2020-04-29",24,SH
"2020-04-30",22,SH
"2020-05-01",21,SH
"2020-05-02",22,SH
"2020-05-03",22,SH
"2020-05-04",17,SH
"2020-05-05",18,SH
"2020-05-06",17,SH
"2020-05-07",14,SH
"2020-05-08",13,SH
"2020-05-09",12,SH
"2020-05-10",13,SH
"2020-05-11",11,SH
"2020-05-12",10,SH
"2020-05-13",8,SH
"2020-05-14",9,SH
"2020-05-15",9,SH
"2020-05-16",11,SH
"2020-05-17",9,SH
"2020-05-18",9,SH
"2020-05-19",9,SH
"2020-05-20",9,SH
"2020-05-21",9,SH
"2020-05-22",10,SH
"2020-05-23",11,SH
"2020-05-24",11,SH
"2020-05-25",13,SH
"2020-05-26",9,SH
"2020-05-27",9,SH
"2020-05-28",7,SH
"2020-05-29",9,SH
"2020-05-30",7,SH
"2020-05-31",6,SH
"2020-06-01",6,SH
"2020-06-02",5,SH
"2020-06-03",5,SH
"2020-06-04",6,SH
"2020-06-05",5,SH
"2020-06-06",4,SH
"2020-06-07",5,SH
"2020-06-08",3,SH
"2020-06-09",2,SH
"2020-06-10",2,SH
"2020-06-11",1,SH
"2020-06-12",2,SH
"2020-06-13",2,SH
"2020-06-14",2,SH
"2020-06-15",2,SH
"2020-06-16",1,SH
"2020-06-17",1,SH
"2020-06-18",1,SH
"2020-06-19",1,SH
"2020-06-20",1,SH
"2020-06-21",1,SH
"2020-06-22",0,SH
"2020-06-23",0,SH
"2020-06-24",0,SH
"2020-06-25",0,SH
"2020-06-26",0,SH
"2020-06-27",0,SH
"2020-06-28",0,SH
"2020-06-29",0,SH
"2020-06-30",1,SH
"2020-07-01",1,SH
"2020-07-02",1,SH
"2020-07-03",0,SH
"2020-07-04",0,SH
"2020-07-05",0,SH
"2020-07-06",0,SH
"2020-07-07",0,SH
"2020-07-08",0,SH
"2020-07-09",0,SH
"2020-07-10",0,SH
"2020-07-11",0,SH
"2020-07-12",0,SH
"2020-07-13",0,SH
"2020-07-14",2,SH
"2020-07-15",0,SH
"2020-07-16",0,SH
"2020-07-17",1,SH
"2020-07-18",1,SH
"2020-07-19",1,SH
"2020-07-20",2,SH
"2020-07-21",2,SH
"2020-07-22",2,SH
"2020-07-23",2,SH
"2020-07-24",4,SH
"2020-07-25",4,SH
"2020-07-26",5,SH
"2020-07-27",5,SH
"2020-07-28",7,SH
"2020-07-29",9,SH
"2020-07-30",7,SH
"2020-07-31",6,SH
"2020-08-01",5,SH
"2020-08-02",5,SH
"2020-08-03",6,SH
"2020-08-04",6,SH
"2020-08-05",6,SH
"2020-08-06",4,SH
"2020-08-07",4,SH
"2020-08-08",7,SH
"2020-08-09",8,SH
"2020-08-10",6,SH
"2020-08-11",6,SH
"2020-08-12",5,SH
"2020-08-13",5,SH
"2020-08-14",4,SH
"2020-08-15",4,SH
"2020-08-16",4,SH
"2020-08-17",4,SH
"2020-08-18",3,SH
"2020-08-19",5,SH
"2020-08-20",3,SH
"2020-08-21",3,SH
"2020-08-22",2,SH
"2020-08-23",2,SH
"2020-08-24",2,SH
"2020-08-25",2,SH
"2020-08-26",2,SH
"2020-08-27",3,SH
"2020-08-28",2,SH
"2020-08-29",2,SH
"2020-08-30",3,SH
"2020-08-31",2,SH
"2020-09-01",2,SH
"2020-09-02",3,SH
"2020-09-03",2,SH
"2020-09-04",2,SH
"2020-09-05",3,SH
"2020-09-06",2,SH
"2020-09-07",3,SH
"2020-09-08",2,SH
"2020-09-09",2,SH
"2020-09-10",2,SH
"2020-09-11",1,SH
"2020-09-12",1,SH
"2020-09-13",1,SH
"2020-09-14",1,SH
"2020-09-15",1,SH
"2020-09-16",1,SH
"2020-09-17",0,SH
"2020-09-18",0,SH
"2020-09-19",1,SH
"2020-09-20",2,SH
"2020-09-21",1,SH
"2020-09-22",1,SH
"2020-09-23",1,SH
"2020-09-24",2,SH
"2020-09-25",4,SH
"2020-09-26",5,SH
"2020-09-27",5,SH
"2020-09-28",5,SH
"2020-09-29",3,SH
"2020-09-30",2,SH
"2020-10-01",2,SH
"2020-10-02",2,SH
"2020-10-03",2,SH
"2020-10-04",2,SH
"2020-10-05",3,SH
"2020-10-06",6,SH
"2020-10-07",3,SH
"2020-10-08",4,SH
"2020-10-09",3,SH
"2020-10-10",5,SH
"2020-10-11",5,SH
"2020-10-12",6,SH
"2020-10-13",5,SH
"2020-10-14",5,SH
"2020-10-15",5,SH
"2020-10-16",6,SH
"2020-10-17",8,SH
"2020-10-18",6,SH
"2020-10-19",7,SH
"2020-10-20",5,SH
"2020-10-21",6,SH
"2020-10-22",9,SH
"2020-10-23",10,SH
"2020-10-24",10,SH
"2020-10-25",11,SH
"2020-10-26",11,SH
"2020-10-27",13,SH
"2020-10-28",17,SH
"2020-10-29",20,SH
"2020-10-30",18,SH
"2020-10-31",21,SH
"2020-11-01",21,SH
"2020-11-02",21,SH
"2020-11-03",23,SH
"2020-11-04",26,SH
"2020-04-15",39,SL
"2020-04-16",45,SL
"2020-04-17",55,SL
"2020-04-18",52,SL
"2020-04-19",50,SL
"2020-04-20",46,SL
"2020-04-21",43,SL
"2020-04-22",40,SL
"2020-04-23",36,SL
"2020-04-24",38,SL
"2020-04-25",36,SL
"2020-04-26",34,SL
"2020-04-27",31,SL
"2020-04-28",32,SL
"2020-04-29",28,SL
"2020-04-30",26,SL
"2020-05-01",20,SL
"2020-05-02",18,SL
"2020-05-03",19,SL
"2020-05-04",18,SL
"2020-05-05",20,SL
"2020-05-06",17,SL
"2020-05-07",12,SL
"2020-05-08",11,SL
"2020-05-09",23,SL
"2020-05-10",24,SL
"2020-05-11",27,SL
"2020-05-12",25,SL
"2020-05-13",33,SL
"2020-05-14",32,SL
"2020-05-15",20,SL
"2020-05-16",17,SL
"2020-05-17",13,SL
"2020-05-18",18,SL
"2020-05-19",17,SL
"2020-05-20",14,SL
"2020-05-21",15,SL
"2020-05-22",12,SL
"2020-05-23",12,SL
"2020-05-24",13,SL
"2020-05-25",13,SL
"2020-05-26",9,SL
"2020-05-27",7,SL
"2020-05-28",7,SL
"2020-05-29",7,SL
"2020-05-30",6,SL
"2020-05-31",6,SL
"2020-06-01",9,SL
"2020-06-02",10,SL
"2020-06-03",7,SL
"2020-06-04",8,SL
"2020-06-05",7,SL
"2020-06-06",8,SL
"2020-06-07",6,SL
"2020-06-08",7,SL
"2020-06-09",8,SL
"2020-06-10",7,SL
"2020-06-11",7,SL
"2020-06-12",8,SL
"2020-06-13",5,SL
"2020-06-14",6,SL
"2020-06-15",6,SL
"2020-06-16",6,SL
"2020-06-17",7,SL
"2020-06-18",5,SL
"2020-06-19",6,SL
"2020-06-20",5,SL
"2020-06-21",5,SL
"2020-06-22",6,SL
"2020-06-23",6,SL
"2020-06-24",6,SL
"2020-06-25",7,SL
"2020-06-26",4,SL
"2020-06-27",4,SL
"2020-06-28",3,SL
"2020-06-29",3,SL
"2020-06-30",4,SL
"2020-07-01",4,SL
"2020-07-02",3,SL
"2020-07-03",4,SL
"2020-07-04",4,SL
"2020-07-05",4,SL
"2020-07-06",4,SL
"2020-07-07",4,SL
"2020-07-08",5,SL
"2020-07-09",3,SL
"2020-07-10",3,SL
"2020-07-11",3,SL
"2020-07-12",3,SL
"2020-07-13",3,SL
"2020-07-14",3,SL
"2020-07-15",1,SL
"2020-07-16",2,SL
"2020-07-17",3,SL
"2020-07-18",0,SL
"2020-07-19",0,SL
"2020-07-20",0,SL
"2020-07-21",0,SL
"2020-07-22",0,SL
"2020-07-23",0,SL
"2020-07-24",1,SL
"2020-07-25",0,SL
"2020-07-26",0,SL
"2020-07-27",0,SL
"2020-07-28",0,SL
"2020-07-29",0,SL
"2020-07-30",0,SL
"2020-07-31",0,SL
"2020-08-01",0,SL
"2020-08-02",0,SL
"2020-08-03",2,SL
"2020-08-04",1,SL
"2020-08-05",3,SL
"2020-08-06",3,SL
"2020-08-07",2,SL
"2020-08-08",2,SL
"2020-08-09",3,SL
"2020-08-10",3,SL
"2020-08-11",3,SL
"2020-08-12",3,SL
"2020-08-13",3,SL
"2020-08-14",4,SL
"2020-08-15",3,SL
"2020-08-16",3,SL
"2020-08-17",3,SL
"2020-08-18",3,SL
"2020-08-19",4,SL
"2020-08-20",4,SL
"2020-08-21",4,SL
"2020-08-22",3,SL
"2020-08-23",3,SL
"2020-08-24",3,SL
"2020-08-25",3,SL
"2020-08-26",4,SL
"2020-08-27",5,SL
"2020-08-28",5,SL
"2020-08-29",5,SL
"2020-08-30",5,SL
"2020-08-31",5,SL
"2020-09-01",5,SL
"2020-09-02",5,SL
"2020-09-03",6,SL
"2020-09-04",6,SL
"2020-09-05",4,SL
"2020-09-06",3,SL
"2020-09-07",3,SL
"2020-09-08",3,SL
"2020-09-09",3,SL
"2020-09-10",3,SL
"2020-09-11",3,SL
"2020-09-12",3,SL
"2020-09-13",4,SL
"2020-09-14",4,SL
"2020-09-15",4,SL
"2020-09-16",3,SL
"2020-09-17",2,SL
"2020-09-18",2,SL
"2020-09-19",2,SL
"2020-09-20",2,SL
"2020-09-21",2,SL
"2020-09-22",2,SL
"2020-09-23",3,SL
"2020-09-24",3,SL
"2020-09-25",2,SL
"2020-09-26",1,SL
"2020-09-27",1,SL
"2020-09-28",1,SL
"2020-09-29",2,SL
"2020-09-30",3,SL
"2020-10-01",3,SL
"2020-10-02",3,SL
"2020-10-03",3,SL
"2020-10-04",4,SL
"2020-10-05",4,SL
"2020-10-06",5,SL
"2020-10-07",6,SL
"2020-10-08",7,SL
"2020-10-09",8,SL
"2020-10-10",9,SL
"2020-10-11",8,SL
"2020-10-12",11,SL
"2020-10-13",9,SL
"2020-10-14",9,SL
"2020-10-15",14,SL
"2020-10-16",17,SL
"2020-10-17",18,SL
"2020-10-18",20,SL
"2020-10-19",18,SL
"2020-10-20",22,SL
"2020-10-21",21,SL
"2020-10-22",29,SL
"2020-10-23",29,SL
"2020-10-24",28,SL
"2020-10-25",26,SL
"2020-10-26",24,SL
"2020-10-27",33,SL
"2020-10-28",34,SL
"2020-10-29",37,SL
"2020-10-30",39,SL
"2020-10-31",35,SL
"2020-11-01",31,SL
"2020-11-02",48,SL
"2020-11-03",51,SL
"2020-11-04",52,SL
"2020-04-15",50,SN
"2020-04-16",58,SN
"2020-04-17",78,SN
"2020-04-18",73,SN
"2020-04-19",69,SN
"2020-04-20",74,SN
"2020-04-21",71,SN
"2020-04-22",67,SN
"2020-04-23",60,SN
"2020-04-24",59,SN
"2020-04-25",55,SN
"2020-04-26",56,SN
"2020-04-27",49,SN
"2020-04-28",51,SN
"2020-04-29",52,SN
"2020-04-30",52,SN
"2020-05-01",49,SN
"2020-05-02",46,SN
"2020-05-03",42,SN
"2020-05-04",43,SN
"2020-05-05",40,SN
"2020-05-06",35,SN
"2020-05-07",37,SN
"2020-05-08",37,SN
"2020-05-09",36,SN
"2020-05-10",35,SN
"2020-05-11",34,SN
"2020-05-12",33,SN
"2020-05-13",31,SN
"2020-05-14",30,SN
"2020-05-15",27,SN
"2020-05-16",28,SN
"2020-05-17",24,SN
"2020-05-18",23,SN
"2020-05-19",21,SN
"2020-05-20",21,SN
"2020-05-21",22,SN
"2020-05-22",20,SN
"2020-05-23",14,SN
"2020-05-24",15,SN
"2020-05-25",20,SN
"2020-05-26",17,SN
"2020-05-27",11,SN
"2020-05-28",10,SN
"2020-05-29",9,SN
"2020-05-30",8,SN
"2020-05-31",7,SN
"2020-06-01",5,SN
"2020-06-02",6,SN
"2020-06-03",7,SN
"2020-06-04",5,SN
"2020-06-05",5,SN
"2020-06-06",3,SN
"2020-06-07",3,SN
"2020-06-08",4,SN
"2020-06-09",4,SN
"2020-06-10",4,SN
"2020-06-11",3,SN
"2020-06-12",3,SN
"2020-06-13",3,SN
"2020-06-14",3,SN
"2020-06-15",3,SN
"2020-06-16",3,SN
"2020-06-17",4,SN
"2020-06-18",4,SN
"2020-06-19",3,SN
"2020-06-20",5,SN
"2020-06-21",3,SN
"2020-06-22",3,SN
"2020-06-23",3,SN
"2020-06-24",3,SN
"2020-06-25",4,SN
"2020-06-26",4,SN
"2020-06-27",4,SN
"2020-06-28",3,SN
"2020-06-29",4,SN
"2020-06-30",3,SN
"2020-07-01",4,SN
"2020-07-02",4,SN
"2020-07-03",4,SN
"2020-07-04",4,SN
"2020-07-05",4,SN
"2020-07-06",3,SN
"2020-07-07",3,SN
"2020-07-08",2,SN
"2020-07-09",2,SN
"2020-07-10",2,SN
"2020-07-11",2,SN
"2020-07-12",2,SN
"2020-07-13",2,SN
"2020-07-14",2,SN
"2020-07-15",2,SN
"2020-07-16",2,SN
"2020-07-17",2,SN
"2020-07-18",2,SN
"2020-07-19",2,SN
"2020-07-20",2,SN
"2020-07-21",2,SN
"2020-07-22",2,SN
"2020-07-23",1,SN
"2020-07-24",2,SN
"2020-07-25",2,SN
"2020-07-26",3,SN
"2020-07-27",4,SN
"2020-07-28",2,SN
"2020-07-29",2,SN
"2020-07-30",3,SN
"2020-07-31",4,SN
"2020-08-01",2,SN
"2020-08-02",3,SN
"2020-08-03",3,SN
"2020-08-04",2,SN
"2020-08-05",5,SN
"2020-08-06",5,SN
"2020-08-07",6,SN
"2020-08-08",6,SN
"2020-08-09",6,SN
"2020-08-10",6,SN
"2020-08-11",6,SN
"2020-08-12",4,SN
"2020-08-13",5,SN
"2020-08-14",6,SN
"2020-08-15",4,SN
"2020-08-16",5,SN
"2020-08-17",4,SN
"2020-08-18",5,SN
"2020-08-19",5,SN
"2020-08-20",7,SN
"2020-08-21",6,SN
"2020-08-22",5,SN
"2020-08-23",5,SN
"2020-08-24",5,SN
"2020-08-25",5,SN
"2020-08-26",5,SN
"2020-08-27",7,SN
"2020-08-28",6,SN
"2020-08-29",6,SN
"2020-08-30",6,SN
"2020-08-31",5,SN
"2020-09-01",5,SN
"2020-09-02",6,SN
"2020-09-03",6,SN
"2020-09-04",6,SN
"2020-09-05",6,SN
"2020-09-06",6,SN
"2020-09-07",6,SN
"2020-09-08",7,SN
"2020-09-09",8,SN
"2020-09-10",6,SN
"2020-09-11",7,SN
"2020-09-12",6,SN
"2020-09-13",6,SN
"2020-09-14",8,SN
"2020-09-15",8,SN
"2020-09-16",10,SN
"2020-09-17",7,SN
"2020-09-18",8,SN
"2020-09-19",7,SN
"2020-09-20",7,SN
"2020-09-21",6,SN
"2020-09-22",7,SN
"2020-09-23",8,SN
"2020-09-24",9,SN
"2020-09-25",8,SN
"2020-09-26",9,SN
"2020-09-27",8,SN
"2020-09-28",8,SN
"2020-09-29",10,SN
"2020-09-30",9,SN
"2020-10-01",12,SN
"2020-10-02",12,SN
"2020-10-03",12,SN
"2020-10-04",14,SN
"2020-10-05",15,SN
"2020-10-06",19,SN
"2020-10-07",21,SN
"2020-10-08",22,SN
"2020-10-09",21,SN
"2020-10-10",27,SN
"2020-10-11",30,SN
"2020-10-12",28,SN
"2020-10-13",35,SN
"2020-10-14",38,SN
"2020-10-15",42,SN
"2020-10-16",42,SN
"2020-10-17",48,SN
"2020-10-18",50,SN
"2020-10-19",53,SN
"2020-10-20",53,SN
"2020-10-21",86,SN
"2020-10-22",88,SN
"2020-10-23",102,SN
"2020-10-24",107,SN
"2020-10-25",122,SN
"2020-10-26",143,SN
"2020-10-27",152,SN
"2020-10-28",146,SN
"2020-10-29",158,SN
"2020-10-30",165,SN
"2020-10-31",174,SN
"2020-11-01",185,SN
"2020-11-02",201,SN
"2020-11-03",214,SN
"2020-11-04",231,SN
"2020-04-15",39,ST
"2020-04-16",35,ST
"2020-04-17",31,ST
"2020-04-18",36,ST
"2020-04-19",33,ST
"2020-04-20",28,ST
"2020-04-21",29,ST
"2020-04-22",33,ST
"2020-04-23",38,ST
"2020-04-24",40,ST
"2020-04-25",26,ST
"2020-04-26",24,ST
"2020-04-27",25,ST
"2020-04-28",24,ST
"2020-04-29",22,ST
"2020-04-30",17,ST
"2020-05-01",16,ST
"2020-05-02",17,ST
"2020-05-03",18,ST
"2020-05-04",18,ST
"2020-05-05",20,ST
"2020-05-06",20,ST
"2020-05-07",20,ST
"2020-05-08",18,ST
"2020-05-09",19,ST
"2020-05-10",19,ST
"2020-05-11",19,ST
"2020-05-12",13,ST
"2020-05-13",15,ST
"2020-05-14",16,ST
"2020-05-15",14,ST
"2020-05-16",14,ST
"2020-05-17",13,ST
"2020-05-18",13,ST
"2020-05-19",12,ST
"2020-05-20",9,ST
"2020-05-21",11,ST
"2020-05-22",11,ST
"2020-05-23",8,ST
"2020-05-24",7,ST
"2020-05-25",6,ST
"2020-05-26",5,ST
"2020-05-27",4,ST
"2020-05-28",4,ST
"2020-05-29",7,ST
"2020-05-30",7,ST
"2020-05-31",7,ST
"2020-06-01",9,ST
"2020-06-02",10,ST
"2020-06-03",8,ST
"2020-06-04",8,ST
"2020-06-05",9,ST
"2020-06-06",8,ST
"2020-06-07",9,ST
"2020-06-08",9,ST
"2020-06-09",9,ST
"2020-06-10",6,ST
"2020-06-11",7,ST
"2020-06-12",6,ST
"2020-06-13",7,ST
"2020-06-14",6,ST
"2020-06-15",6,ST
"2020-06-16",5,ST
"2020-06-17",5,ST
"2020-06-18",5,ST
"2020-06-19",5,ST
"2020-06-20",4,ST
"2020-06-21",3,ST
"2020-06-22",4,ST
"2020-06-23",3,ST
"2020-06-24",3,ST
"2020-06-25",3,ST
"2020-06-26",3,ST
"2020-06-27",3,ST
"2020-06-28",3,ST
"2020-06-29",5,ST
"2020-06-30",3,ST
"2020-07-01",3,ST
"2020-07-02",3,ST
"2020-07-03",3,ST
"2020-07-04",2,ST
"2020-07-05",3,ST
"2020-07-06",3,ST
"2020-07-07",3,ST
"2020-07-08",3,ST
"2020-07-09",3,ST
"2020-07-10",3,ST
"2020-07-11",2,ST
"2020-07-12",2,ST
"2020-07-13",2,ST
"2020-07-14",2,ST
"2020-07-15",1,ST
"2020-07-16",1,ST
"2020-07-17",1,ST
"2020-07-18",1,ST
"2020-07-19",1,ST
"2020-07-20",1,ST
"2020-07-21",1,ST
"2020-07-22",1,ST
"2020-07-23",1,ST
"2020-07-24",2,ST
"2020-07-25",3,ST
"2020-07-26",3,ST
"2020-07-27",3,ST
"2020-07-28",3,ST
"2020-07-29",3,ST
"2020-07-30",3,ST
"2020-07-31",2,ST
"2020-08-01",3,ST
"2020-08-02",3,ST
"2020-08-03",3,ST
"2020-08-04",2,ST
"2020-08-05",2,ST
"2020-08-06",3,ST
"2020-08-07",4,ST
"2020-08-08",3,ST
"2020-08-09",3,ST
"2020-08-10",3,ST
"2020-08-11",3,ST
"2020-08-12",5,ST
"2020-08-13",4,ST
"2020-08-14",4,ST
"2020-08-15",3,ST
"2020-08-16",2,ST
"2020-08-17",3,ST
"2020-08-18",3,ST
"2020-08-19",3,ST
"2020-08-20",3,ST
"2020-08-21",3,ST
"2020-08-22",1,ST
"2020-08-23",1,ST
"2020-08-24",2,ST
"2020-08-25",2,ST
"2020-08-26",2,ST
"2020-08-27",2,ST
"2020-08-28",1,ST
"2020-08-29",1,ST
"2020-08-30",1,ST
"2020-08-31",1,ST
"2020-09-01",1,ST
"2020-09-02",0,ST
"2020-09-03",0,ST
"2020-09-04",0,ST
"2020-09-05",0,ST
"2020-09-06",0,ST
"2020-09-07",0,ST
"2020-09-08",0,ST
"2020-09-09",0,ST
"2020-09-10",0,ST
"2020-09-11",0,ST
"2020-09-12",0,ST
"2020-09-13",1,ST
"2020-09-14",1,ST
"2020-09-15",2,ST
"2020-09-16",1,ST
"2020-09-17",3,ST
"2020-09-18",3,ST
"2020-09-19",3,ST
"2020-09-20",3,ST
"2020-09-21",2,ST
"2020-09-22",2,ST
"2020-09-23",2,ST
"2020-09-24",2,ST
"2020-09-25",2,ST
"2020-09-26",1,ST
"2020-09-27",2,ST
"2020-09-28",3,ST
"2020-09-29",4,ST
"2020-09-30",5,ST
"2020-10-01",5,ST
"2020-10-02",6,ST
"2020-10-03",5,ST
"2020-10-04",5,ST
"2020-10-05",6,ST
"2020-10-06",8,ST
"2020-10-07",9,ST
"2020-10-08",9,ST
"2020-10-09",10,ST
"2020-10-10",9,ST
"2020-10-11",9,ST
"2020-10-12",10,ST
"2020-10-13",9,ST
"2020-10-14",10,ST
"2020-10-15",11,ST
"2020-10-16",8,ST
"2020-10-17",8,ST
"2020-10-18",9,ST
"2020-10-19",17,ST
"2020-10-20",17,ST
"2020-10-21",10,ST
"2020-10-22",12,ST
"2020-10-23",18,ST
"2020-10-24",16,ST
"2020-10-25",16,ST
"2020-10-26",21,ST
"2020-10-27",20,ST
"2020-10-28",21,ST
"2020-10-29",25,ST
"2020-10-30",25,ST
"2020-10-31",13,ST
"2020-11-01",20,ST
"2020-11-02",23,ST
"2020-11-03",24,ST
"2020-11-04",27,ST
"2020-04-15",46,TH
"2020-04-16",48,TH
"2020-04-17",52,TH
"2020-04-18",51,TH
"2020-04-19",51,TH
"2020-04-20",49,TH
"2020-04-21",51,TH
"2020-04-22",51,TH
"2020-04-23",56,TH
"2020-04-24",58,TH
"2020-04-25",55,TH
"2020-04-26",55,TH
"2020-04-27",59,TH
"2020-04-28",65,TH
"2020-04-29",55,TH
"2020-04-30",54,TH
"2020-05-01",53,TH
"2020-05-02",53,TH
"2020-05-03",52,TH
"2020-05-04",48,TH
"2020-05-05",49,TH
"2020-05-06",43,TH
"2020-05-07",42,TH
"2020-05-08",41,TH
"2020-05-09",40,TH
"2020-05-10",39,TH
"2020-05-11",41,TH
"2020-05-12",38,TH
"2020-05-13",34,TH
"2020-05-14",34,TH
"2020-05-15",34,TH
"2020-05-16",36,TH
"2020-05-17",33,TH
"2020-05-18",34,TH
"2020-05-19",35,TH
"2020-05-20",34,TH
"2020-05-21",33,TH
"2020-05-22",33,TH
"2020-05-23",32,TH
"2020-05-24",29,TH
"2020-05-25",29,TH
"2020-05-26",25,TH
"2020-05-27",22,TH
"2020-05-28",20,TH
"2020-05-29",20,TH
"2020-05-30",17,TH
"2020-05-31",20,TH
"2020-06-01",20,TH
"2020-06-02",19,TH
"2020-06-03",20,TH
"2020-06-04",15,TH
"2020-06-05",15,TH
"2020-06-06",15,TH
"2020-06-07",13,TH
"2020-06-08",11,TH
"2020-06-09",14,TH
"2020-06-10",12,TH
"2020-06-11",11,TH
"2020-06-12",13,TH
"2020-06-13",11,TH
"2020-06-14",10,TH
"2020-06-15",9,TH
"2020-06-16",6,TH
"2020-06-17",5,TH
"2020-06-18",5,TH
"2020-06-19",4,TH
"2020-06-20",5,TH
"2020-06-21",4,TH
"2020-06-22",5,TH
"2020-06-23",6,TH
"2020-06-24",5,TH
"2020-06-25",5,TH
"2020-06-26",5,TH
"2020-06-27",6,TH
"2020-06-28",5,TH
"2020-06-29",5,TH
"2020-06-30",4,TH
"2020-07-01",4,TH
"2020-07-02",4,TH
"2020-07-03",3,TH
"2020-07-04",2,TH
"2020-07-05",3,TH
"2020-07-06",4,TH
"2020-07-07",5,TH
"2020-07-08",5,TH
"2020-07-09",5,TH
"2020-07-10",5,TH
"2020-07-11",4,TH
"2020-07-12",4,TH
"2020-07-13",4,TH
"2020-07-14",4,TH
"2020-07-15",4,TH
"2020-07-16",4,TH
"2020-07-17",4,TH
"2020-07-18",4,TH
"2020-07-19",2,TH
"2020-07-20",2,TH
"2020-07-21",2,TH
"2020-07-22",2,TH
"2020-07-23",2,TH
"2020-07-24",2,TH
"2020-07-25",4,TH
"2020-07-26",5,TH
"2020-07-27",5,TH
"2020-07-28",4,TH
"2020-07-29",3,TH
"2020-07-30",4,TH
"2020-07-31",4,TH
"2020-08-01",3,TH
"2020-08-02",2,TH
"2020-08-03",4,TH
"2020-08-04",6,TH
"2020-08-05",6,TH
"2020-08-06",6,TH
"2020-08-07",5,TH
"2020-08-08",5,TH
"2020-08-09",3,TH
"2020-08-10",3,TH
"2020-08-11",3,TH
"2020-08-12",3,TH
"2020-08-13",3,TH
"2020-08-14",3,TH
"2020-08-15",3,TH
"2020-08-16",3,TH
"2020-08-17",3,TH
"2020-08-18",3,TH
"2020-08-19",3,TH
"2020-08-20",4,TH
"2020-08-21",4,TH
"2020-08-22",3,TH
"2020-08-23",3,TH
"2020-08-24",3,TH
"2020-08-25",1,TH
"2020-08-26",2,TH
"2020-08-27",3,TH
"2020-08-28",3,TH
"2020-08-29",4,TH
"2020-08-30",4,TH
"2020-08-31",4,TH
"2020-09-01",3,TH
"2020-09-02",3,TH
"2020-09-03",3,TH
"2020-09-04",3,TH
"2020-09-05",3,TH
"2020-09-06",3,TH
"2020-09-07",3,TH
"2020-09-08",4,TH
"2020-09-09",3,TH
"2020-09-10",3,TH
"2020-09-11",2,TH
"2020-09-12",3,TH
"2020-09-13",3,TH
"2020-09-14",5,TH
"2020-09-15",4,TH
"2020-09-16",4,TH
"2020-09-17",4,TH
"2020-09-18",5,TH
"2020-09-19",2,TH
"2020-09-20",2,TH
"2020-09-21",3,TH
"2020-09-22",4,TH
"2020-09-23",5,TH
"2020-09-24",5,TH
"2020-09-25",4,TH
"2020-09-26",5,TH
"2020-09-27",9,TH
"2020-09-28",10,TH
"2020-09-29",7,TH
"2020-09-30",6,TH
"2020-10-01",7,TH
"2020-10-02",8,TH
"2020-10-03",8,TH
"2020-10-04",8,TH
"2020-10-05",8,TH
"2020-10-06",9,TH
"2020-10-07",10,TH
"2020-10-08",10,TH
"2020-10-09",8,TH
"2020-10-10",9,TH
"2020-10-11",11,TH
"2020-10-12",10,TH
"2020-10-13",9,TH
"2020-10-14",13,TH
"2020-10-15",13,TH
"2020-10-16",14,TH
"2020-10-17",19,TH
"2020-10-18",16,TH
"2020-10-19",19,TH
"2020-10-20",18,TH
"2020-10-21",19,TH
"2020-10-22",22,TH
"2020-10-23",26,TH
"2020-10-24",23,TH
"2020-10-25",27,TH
"2020-10-26",28,TH
"2020-10-27",26,TH
"2020-10-28",30,TH
"2020-10-29",31,TH
"2020-10-30",30,TH
"2020-10-31",24,TH
"2020-11-01",24,TH
"2020-11-02",29,TH
"2020-11-03",33,TH
"2020-11-04",44,TH
"2020-11-05",27,SH
"2020-11-05",57,HH
"2020-11-05",142,NI
"2020-11-05",29,HB
"2020-11-05",747,NW
"2020-11-05",243,HE
"2020-11-05",89,RP
"2020-11-05",292,BW
"2020-11-05",339,BY
"2020-11-05",51,SL
"2020-11-05",240,BE
"2020-11-05",64,BB
"2020-11-05",19,MV
"2020-11-05",240,SN
"2020-11-05",26,ST
"2020-11-05",48,TH
"2020-11-06",27,SH
"2020-11-06",59,HH
"2020-11-06",155,NI
"2020-11-06",29,HB
"2020-11-06",785,NW
"2020-11-06",252,HE
"2020-11-06",86,RP
"2020-11-06",301,BW
"2020-11-06",356,BY
"2020-11-06",52,SL
"2020-11-06",243,BE
"2020-11-06",64,BB
"2020-11-06",15,MV
"2020-11-06",247,SN
"2020-11-06",30,ST
"2020-11-06",52,TH
"2020-11-07",27,SH
"2020-11-07",63,HH
"2020-11-07",162,NI
"2020-11-07",30,HB
"2020-11-07",813,NW
"2020-11-07",253,HE
"2020-11-07",89,RP
"2020-11-07",313,BW
"2020-11-07",362,BY
"2020-11-07",50,SL
"2020-11-07",252,BE
"2020-11-07",63,BB
"2020-11-07",17,MV
"2020-11-07",260,SN
"2020-11-07",31,ST
"2020-11-07",54,TH
"2020-11-08",27,SH
"2020-11-08",68,HH
"2020-11-08",169,NI
"2020-11-08",32,HB
"2020-11-08",805,NW
"2020-11-08",266,HE
"2020-11-08",95,RP
"2020-11-08",323,BW
"2020-11-08",372,BY
"2020-11-08",51,SL
"2020-11-08",256,BE
"2020-11-08",67,BB
"2020-11-08",22,MV
"2020-11-08",261,SN
"2020-11-08",32,ST
"2020-11-08",58,TH
"2020-11-09",27,SH
"2020-11-09",72,HH
"2020-11-09",175,NI
"2020-11-09",32,HB
"2020-11-09",826,NW
"2020-11-09",271,HE
"2020-11-09",103,RP
"2020-11-09",342,BW
"2020-11-09",389,BY
"2020-11-09",60,SL
"2020-11-09",265,BE
"2020-11-09",61,BB
"2020-11-09",20,MV
"2020-11-09",268,SN
"2020-11-09",34,ST
"2020-11-09",60,TH
